Date,PAYEMS,BLS_annual,diff_monthly,diff_yoy,Source
1919-07-01,27078000.0,27078000.0,,,Cubic spline interp. of BLS annual data
1919-08-01,27475457.62935939,,397457.6293593906,,Cubic spline interp. of BLS annual data
1919-09-01,27784678.72738831,,309221.0980289206,,Cubic spline interp. of BLS annual data
1919-10-01,28011645.655520853,,226966.92813254148,,Cubic spline interp. of BLS annual data
1919-11-01,28162340.77519108,,150695.11967022717,,Cubic spline interp. of BLS annual data
1919-12-01,28242746.447833102,,80405.67264202237,,Cubic spline interp. of BLS annual data
1920-01-01,28258845.034880977,,16098.587047874928,,Cubic spline interp. of BLS annual data
1920-02-01,28216618.897768788,,-42226.137112189084,,Cubic spline interp. of BLS annual data
1920-03-01,28122050.39793065,,-94568.49983813986,,Cubic spline interp. of BLS annual data
1920-04-01,27981121.89680061,,-140928.501130037,,Cubic spline interp. of BLS annual data
1920-05-01,27799815.75581276,,-181306.14098785073,,Cubic spline interp. of BLS annual data
1920-06-01,27584114.33640121,,-215701.4194115512,,Cubic spline interp. of BLS annual data
1920-07-01,27340000.0,27340000.0,-244114.33640120924,262000.0,Cubic spline interp. of BLS annual data
1920-08-01,27073455.108043242,,-266544.89195675775,-402002.52131614834,Cubic spline interp. of BLS annual data
1920-09-01,26790462.021965012,,-282993.0860782303,-994216.7054232992,Cubic spline interp. of BLS annual data
1920-10-01,26497003.103199396,,-293458.9187656157,-1514642.5523214564,Cubic spline interp. of BLS annual data
1920-11-01,26199060.713180467,,-297942.3900189288,-1963280.0620106123,Cubic spline interp. of BLS annual data
1920-12-01,25902617.21334232,,-296443.4998381473,-2340129.234490782,Cubic spline interp. of BLS annual data
1921-01-01,25613654.96511903,,-288962.24822328985,-2645190.069761947,Cubic spline interp. of BLS annual data
1921-02-01,25338156.32994468,,-275498.63517434895,-2878462.5678241067,Cubic spline interp. of BLS annual data
1921-03-01,25082103.669253364,,-256052.66069131717,-3039946.728677284,Cubic spline interp. of BLS annual data
1921-04-01,24851479.34447915,,-230624.32477421314,-3129642.55232146,Cubic spline interp. of BLS annual data
1921-05-01,24652265.71705613,,-199213.62742302194,-3147550.0387566313,Cubic spline interp. of BLS annual data
1921-06-01,24490445.14841839,,-161820.56863773987,-3093669.18798282,Cubic spline interp. of BLS annual data
1921-07-01,24372000.0,24372000.0,-118445.14841838926,-2968000.0,Cubic spline interp. of BLS annual data
1921-08-01,24301352.72550467,,-70647.27449532971,-2772102.382538572,Cubic spline interp. of BLS annual data
1921-09-01,24276686.1477146,,-24666.577790070325,-2513775.874250412,Cubic spline interp. of BLS annual data
1921-10-01,24294623.18168158,,17937.033966980875,-2202379.9215178154,Cubic spline interp. of BLS annual data
1921-11-01,24351786.74245742,,57163.56077583879,-1847273.9707230479,Cubic spline interp. of BLS annual data
1921-12-01,24444799.745093923,,93013.00263650343,-1457817.468248397,Cubic spline interp. of BLS annual data
1922-01-01,24570285.104642916,,125485.35954899341,-1043369.8604761139,Cubic spline interp. of BLS annual data
1922-02-01,24724865.73615618,,154580.63151326403,-613290.5937885009,Cubic spline interp. of BLS annual data
1922-03-01,24905164.554685537,,180298.81852935627,-176939.11456782743,Cubic spline interp. of BLS annual data
1922-04-01,25107804.475282792,,202639.92059725523,256325.13080364093,Cubic spline interp. of BLS annual data
1922-05-01,25329408.412999745,,221603.93771695346,677142.6959436163,Cubic spline interp. of BLS annual data
1922-06-01,25566599.282888215,,237190.86988846958,1076154.1344698258,Cubic spline interp. of BLS annual data
1922-07-01,25816000.0,25816000.0,249400.71711178496,1444000.0,Cubic spline interp. of BLS annual data
1922-08-01,26074146.721419536,,258146.72141953558,1772793.9959148653,Cubic spline interp. of BLS annual data
1922-09-01,26337228.57236177,,263081.85094223544,2060542.424647171,Cubic spline interp. of BLS annual data
1922-10-01,26601347.920074303,,264119.3477125317,2306724.738392722,Cubic spline interp. of BLS annual data
1922-11-01,26862607.131804675,,261259.21173037216,2510820.389347255,Cubic spline interp. of BLS annual data
1922-12-01,27117108.57480049,,254501.44299581647,2672308.8297065683,Cubic spline interp. of BLS annual data
1923-01-01,27360954.616309322,,243846.04150883108,2790669.511666406,Cubic spline interp. of BLS annual data
1923-02-01,27590247.623578746,,229293.00726942345,2865381.8874225654,Cubic spline interp. of BLS annual data
1923-03-01,27801089.963856343,,210842.3402775973,2895925.4091708064,Cubic spline interp. of BLS annual data
1923-04-01,27989584.004389692,,188494.04053334892,2881779.5291069,Cubic spline interp. of BLS annual data
1923-05-01,28151832.11242636,,162248.1080366671,2822423.6994266137,Cubic spline interp. of BLS annual data
1923-06-01,28283936.655213937,,132104.54278757796,2717337.372325722,Cubic spline interp. of BLS annual data
1923-07-01,28382000.0,28382000.0,98063.34478606284,2566000.0,Cubic spline interp. of BLS annual data
1923-08-01,28443596.268446803,,61596.26844680309,2369449.5470272675,Cubic spline interp. of BLS annual data
1923-09-01,28472186.59987533,,28590.331428527832,2134958.02751356,Cubic spline interp. of BLS annual data
1923-10-01,28472703.888021242,,517.2881459109485,1871355.9679469392,Cubic spline interp. of BLS annual data
1923-11-01,28450081.02662018,,-22622.86140106246,1587473.8948155046,Cubic spline interp. of BLS annual data
1923-12-01,28409250.909407813,,-40830.11721236631,1292142.3346073218,Cubic spline interp. of BLS annual data
1924-01-01,28355146.4301198,,-54104.47928801179,994191.8138104789,Cubic spline interp. of BLS annual data
1924-02-01,28292700.482491802,,-62445.94762799889,702452.8589130566,Cubic spline interp. of BLS annual data
1924-03-01,28226845.960259475,,-65854.52223232761,425755.99640313163,Cubic spline interp. of BLS annual data
1924-04-01,28162515.757158473,,-64330.20310100168,172931.75276878104,Cubic spline interp. of BLS annual data
1924-05-01,28104642.76692445,,-57872.99023402482,-47189.345501910895,Cubic spline interp. of BLS annual data
1924-06-01,28058159.88329307,,-46482.88363137841,-225776.77192086726,Cubic spline interp. of BLS annual data
1924-07-01,28028000.0,28028000.0,-30159.8832930699,-354000.0,Cubic spline interp. of BLS annual data
1924-08-01,28017968.204793237,,-10031.79520676285,-425628.06365356594,Cubic spline interp. of BLS annual data
1924-09-01,28027358.36147023,,9390.156676992774,-444828.238405101,Cubic spline interp. of BLS annual data
1924-10-01,28054336.527840763,,26978.166370533407,-418367.36018047854,Cubic spline interp. of BLS annual data
1924-11-01,28097068.76171462,,42732.23387385532,-353012.26490556076,Cubic spline interp. of BLS annual data
1924-12-01,28153721.120901585,,56652.35918696597,-255529.78850622848,Cubic spline interp. of BLS annual data
1925-01-01,28222459.663211465,,68738.54230988026,-132686.76690833643,Cubic spline interp. of BLS annual data
1925-02-01,28301450.44645404,,78990.78324257582,8749.963962238282,Cubic spline interp. of BLS annual data
1925-03-01,28388859.528439105,,87409.08198506385,162013.56817962974,Cubic spline interp. of BLS annual data
1925-04-01,28482852.96697644,,93993.43853733689,320337.2098179683,Cubic spline interp. of BLS annual data
1925-05-01,28581596.81987584,,98743.85289939865,476954.0529513918,Cubic spline interp. of BLS annual data
1925-06-01,28683257.144947097,,101660.32507125661,625097.2616540268,Cubic spline interp. of BLS annual data
1925-07-01,28786000.0,28786000.0,102742.8550529033,758000.0,Cubic spline interp. of BLS annual data
1925-08-01,28888205.680898745,,102205.68089874461,870237.4761055075,Cubic spline interp. of BLS annual data
1925-09-01,28989111.435725227,,100905.75482648239,961753.0742549971,Cubic spline interp. of BLS annual data
1925-10-01,29088168.75061573,,99057.31489050388,1033832.2227749676,Cubic spline interp. of BLS annual data
1925-11-01,29184829.11170655,,96660.36109082028,1087760.3499919325,Cubic spline interp. of BLS annual data
1925-12-01,29278544.00513398,,93714.89342742786,1124822.8842323944,Cubic spline interp. of BLS annual data
1926-01-01,29368764.91703432,,90220.91190034151,1146305.2538228557,Cubic spline interp. of BLS annual data
1926-02-01,29454943.33354387,,86178.41650955006,1153492.88708983,Cubic spline interp. of BLS annual data
1926-03-01,29536530.74079892,,81587.4072550498,1147671.2123598158,Cubic spline interp. of BLS annual data
1926-04-01,29612978.62493576,,76447.8841368407,1130125.6579593197,Cubic spline interp. of BLS annual data
1926-05-01,29683738.472090684,,70759.84715492278,1102141.6522148438,Cubic spline interp. of BLS annual data
1926-06-01,29748261.7684,,64523.29630931467,1065004.6234529018,Cubic spline interp. of BLS annual data
1926-07-01,29806000.0,29806000.0,57738.231600001454,1020000.0,Cubic spline interp. of BLS annual data
1926-08-01,29856515.784574717,,50515.78457471728,968310.1036759727,Cubic spline interp. of BLS annual data
1926-09-01,29899816.26599922,,43300.48142450303,910704.8302739933,Cubic spline interp. of BLS annual data
1926-10-01,29936019.71969632,,36203.45369710028,847850.9690805897,Cubic spline interp. of BLS annual data
1926-11-01,29965244.421088815,,29224.701392494142,780415.3093822636,Cubic spline interp. of BLS annual data
1926-12-01,29987608.645599507,,22364.22451069206,709064.6404655278,Cubic spline interp. of BLS annual data
1927-01-01,30003230.66865122,,15622.023051712662,634465.7516168989,Cubic spline interp. of BLS annual data
1927-02-01,30012228.765666753,,8998.097015533596,557285.4321228825,Cubic spline interp. of BLS annual data
1927-03-01,30014721.212068915,,2492.4464021623135,478190.471269995,Cubic spline interp. of BLS annual data
1927-04-01,30010826.283280514,,-3894.9287884011865,397847.6583447531,Cubic spline interp. of BLS annual data
1927-05-01,30000662.254724354,,-10164.028556160629,316923.7826336697,Cubic spline interp. of BLS annual data
1927-06-01,29984347.401823245,,-16314.852901108563,236085.63342324644,Cubic spline interp. of BLS annual data
1927-07-01,29962000.0,29962000.0,-22347.40182324499,156000.0,Cubic spline interp. of BLS annual data
1927-08-01,29934154.791913476,,-27845.20808652416,77639.00733875856,Cubic spline interp. of BLS annual data
1927-09-01,29903012.38916676,,-31142.40274671465,3196.123167540878,Cubic spline interp. of BLS annual data
1927-10-01,29871189.870598998,,-31822.51856776327,-64829.84909732267,Cubic spline interp. of BLS annual data
1927-11-01,29841304.315049313,,-29885.555549684912,-123940.10603950173,Cubic spline interp. of BLS annual data
1927-12-01,29815972.80135686,,-25331.513692453504,-171635.8442426473,Cubic spline interp. of BLS annual data
1928-01-01,29797812.408360787,,-18160.39299607277,-205418.26029043272,Cubic spline interp. of BLS annual data
1928-02-01,29789440.214900218,,-8372.193460568786,-222788.5507665351,Cubic spline interp. of BLS annual data
1928-03-01,29793473.299814314,,4033.0849140957,-221247.91225460172,Cubic spline interp. of BLS annual data
1928-04-01,29812528.741942193,,19055.44212787971,-198297.54133832082,Cubic spline interp. of BLS annual data
1928-05-01,29849223.620123003,,36694.87818080932,-151438.63460135087,Cubic spline interp. of BLS annual data
1928-06-01,29906175.01319589,,56951.393072888255,-78172.38862735406,Cubic spline interp. of BLS annual data
1928-07-01,29986000.0,29986000.0,79824.98680410907,24000.0,Cubic spline interp. of BLS annual data
1928-08-01,30089951.853326928,,103951.85332692787,155797.06141345203,Cubic spline interp. of BLS annual data
1928-09-01,30213828.621778183,,123876.76845125481,310816.2326114215,Cubic spline interp. of BLS annual data
1928-10-01,30352064.547907725,,138235.9261295423,480874.67730872706,Cubic spline interp. of BLS annual data
1928-11-01,30499093.8742695,,147029.3263617754,657789.5592201874,Cubic spline interp. of BLS annual data
1928-12-01,30649350.84341748,,150256.9691479802,833378.0420606211,Cubic spline interp. of BLS annual data
1929-01-01,30797269.697905634,,147918.854488153,999457.2895448469,Cubic spline interp. of BLS annual data
1929-02-01,30937284.680287912,,140014.9823822789,1147844.4653876945,Cubic spline interp. of BLS annual data
1929-03-01,31063830.033118304,,126545.35283039138,1270356.7333039902,Cubic spline interp. of BLS annual data
1929-04-01,31171339.998950735,,107509.96583243087,1358811.2570085414,Cubic spline interp. of BLS annual data
1929-05-01,31254248.820339188,,82908.82138845325,1405025.2002161853,Cubic spline interp. of BLS annual data
1929-06-01,31306990.73983762,,52741.91949843243,1400815.7266417295,Cubic spline interp. of BLS annual data
1929-07-01,31324000.0,31324000.0,17009.260162379593,1338000.0,Cubic spline interp. of BLS annual data
1929-08-01,31301269.854963977,,-22730.14503602311,1211318.001637049,Cubic spline interp. of BLS annual data
1929-09-01,31241029.605201982,,-60240.24976199493,1027200.9834237993,Cubic spline interp. of BLS annual data
1929-10-01,31147067.56277014,,-93962.04243184254,795003.0148624144,Cubic spline interp. of BLS annual data
1929-11-01,31023172.039724562,,-123895.52304557711,524078.16545506194,Cubic spline interp. of BLS annual data
1929-12-01,30873131.348121364,,-150040.69160319865,223780.50470388308,Cubic spline interp. of BLS annual data
1930-01-01,30700733.80001668,,-172397.5481046848,-96535.89788895473,Cubic spline interp. of BLS annual data
1930-02-01,30509767.707466625,,-190966.0925500542,-427516.9728212878,Cubic spline interp. of BLS annual data
1930-03-01,30304021.38252732,,-205746.3249393031,-759808.6505909823,Cubic spline interp. of BLS annual data
1930-04-01,30087283.137254886,,-216738.24527243525,-1084056.8616958484,Cubic spline interp. of BLS annual data
1930-05-01,29863341.28370544,,-223941.8535494469,-1390907.5366337486,Cubic spline interp. of BLS annual data
1930-06-01,29635984.133935098,,-227357.1497703418,-1671006.6059025228,Cubic spline interp. of BLS annual data
1930-07-01,29409000.0,29409000.0,-226984.1339350976,-1915000.0,Cubic spline interp. of BLS annual data
1930-08-01,29185333.310150485,,-223666.6898495145,-2115936.5448134914,Cubic spline interp. of BLS annual data
1930-09-01,28964552.957413875,,-220780.35273661092,-2276476.6477881074,Cubic spline interp. of BLS annual data
1930-10-01,28745383.951011743,,-219169.00640213117,-2401683.611758396,Cubic spline interp. of BLS annual data
1930-11-01,28526551.300165616,,-218832.65084612742,-2496620.7395589463,Cubic spline interp. of BLS annual data
1930-12-01,28306780.014097065,,-219771.28606855124,-2566351.334024299,Cubic spline interp. of BLS annual data
1931-01-01,28084795.102027647,,-221984.91206941754,-2615938.6979890317,Cubic spline interp. of BLS annual data
1931-02-01,27859321.57317891,,-225473.52884873748,-2650446.134287715,Cubic spline interp. of BLS annual data
1931-03-01,27629084.43677242,,-230237.13640648872,-2674936.9457549006,Cubic spline interp. of BLS annual data
1931-04-01,27392808.702029735,,-236275.73474268615,-2694474.4352251515,Cubic spline interp. of BLS annual data
1931-05-01,27149219.37817239,,-243589.3238573447,-2714121.9055330493,Cubic spline interp. of BLS annual data
1931-06-01,26897041.474421963,,-252177.90375042707,-2738942.6595131345,Cubic spline interp. of BLS annual data
1931-07-01,26635000.0,26635000.0,-262041.4744219631,-2774000.0,Cubic spline interp. of BLS annual data
1931-08-01,26362605.81647111,,-272394.18352888897,-2822727.4936793745,Cubic spline interp. of BLS annual data
1931-09-01,26082513.194772124,,-280092.62169898674,-2882039.7626417503,Cubic spline interp. of BLS annual data
1931-10-01,25798162.258182917,,-284350.9365892075,-2947221.6928288266,Cubic spline interp. of BLS annual data
1931-11-01,25512993.129983358,,-285169.1281995587,-3013558.170182258,Cubic spline interp. of BLS annual data
1931-12-01,25230445.93345334,,-282547.196530018,-3076334.0806437247,Cubic spline interp. of BLS annual data
1932-01-01,24953960.791872736,,-276485.141580604,-3130834.310154911,Cubic spline interp. of BLS annual data
1932-02-01,24686977.828521427,,-266982.9633513093,-3172343.744657483,Cubic spline interp. of BLS annual data
1932-03-01,24432937.166679285,,-254040.6618421413,-3196147.2700931355,Cubic spline interp. of BLS annual data
1932-04-01,24195278.929626197,,-237658.23705308884,-3197529.772403538,Cubic spline interp. of BLS annual data
1932-05-01,23977443.24064203,,-217835.68898416683,-3171776.1375303604,Cubic spline interp. of BLS annual data
1932-06-01,23782870.22300667,,-194573.01763536036,-3114171.2514152937,Cubic spline interp. of BLS annual data
1932-07-01,23615000.0,23615000.0,-167870.22300666943,-3020000.0,Cubic spline interp. of BLS annual data
1932-08-01,23476557.081372473,,-138442.9186275266,-2886048.7350986376,Cubic spline interp. of BLS annual data
1932-09-01,23367403.522756886,,-109153.55861558765,-2715109.6720152386,Cubic spline interp. of BLS annual data
1932-10-01,23286685.76625662,,-80717.75650026649,-2511476.4919262975,Cubic spline interp. of BLS annual data
1932-11-01,23233550.25397503,,-53135.51228158921,-2279442.876008328,Cubic spline interp. of BLS annual data
1932-12-01,23207143.4280155,,-26406.825959529728,-2023302.5054378398,Cubic spline interp. of BLS annual data
1933-01-01,23206611.73048141,,-531.6975340917706,-1747349.0613913275,Cubic spline interp. of BLS annual data
1933-02-01,23231101.60347613,,24489.872994720936,-1455876.2250452973,Cubic spline interp. of BLS annual data
1933-03-01,23279759.489103038,,48657.88562690839,-1153177.6775762476,Cubic spline interp. of BLS annual data
1933-04-01,23351731.829465505,,71972.34036246687,-843547.1001606919,Cubic spline interp. of BLS annual data
1933-05-01,23446165.0666669,,94433.23720139638,-531278.1739751287,Cubic spline interp. of BLS annual data
1933-06-01,23562205.642810605,,116040.57614370435,-220664.58019606397,Cubic spline interp. of BLS annual data
1933-07-01,23699000.0,23699000.0,136794.35718939453,84000.0,Cubic spline interp. of BLS annual data
1933-08-01,23855284.492298245,,156284.49229824543,378727.41092577204,Cubic spline interp. of BLS annual data
1933-09-01,24028155.12160773,,172870.62930948287,660751.5988508426,Cubic spline interp. of BLS annual data
1933-10-01,24214297.801790632,,186142.680182904,927612.0355340131,Cubic spline interp. of BLS annual data
1933-11-01,24410398.446709126,,196100.64491849393,1176848.1927340962,Cubic spline interp. of BLS annual data
1933-12-01,24613142.970225394,,202744.52351626754,1405999.5422098935,Cubic spline interp. of BLS annual data
1934-01-01,24819217.286201615,,206074.3159762211,1612605.5557202064,Cubic spline interp. of BLS annual data
1934-02-01,25025307.30849997,,206090.02229835466,1794205.70502384,Cubic spline interp. of BLS annual data
1934-03-01,25228098.950982634,,202791.64248266444,1948339.461879596,Cubic spline interp. of BLS annual data
1934-04-01,25424278.127511796,,196179.17652916163,2072546.2980462909,Cubic spline interp. of BLS annual data
1934-05-01,25610530.751949616,,186252.62443782017,2164365.6852827147,Cubic spline interp. of BLS annual data
1934-06-01,25783542.738158293,,173011.9862086773,2221337.0953476876,Cubic spline interp. of BLS annual data
1934-07-01,25940000.0,25940000.0,156457.26184170693,2241000.0,Cubic spline interp. of BLS annual data
1934-08-01,26077583.305916008,,137583.3059160076,2222298.813617762,Cubic spline interp. of BLS annual data
1934-09-01,26197952.842664033,,120369.53674802557,2169797.721056305,Cubic spline interp. of BLS annual data
1934-10-01,26303763.65158086,,105810.8089168258,2089465.8497902267,Cubic spline interp. of BLS annual data
1934-11-01,26397670.774003275,,93907.12242241576,1987272.3272941485,Cubic spline interp. of BLS annual data
1934-12-01,26482329.251268096,,84658.47726482153,1869186.2810427025,Cubic spline interp. of BLS annual data
1935-01-01,26560394.124712117,,78064.87344402075,1741176.8385105021,Cubic spline interp. of BLS annual data
1935-02-01,26634520.435672123,,74126.31096000597,1609213.1271721534,Cubic spline interp. of BLS annual data
1935-03-01,26707363.22548493,,72842.789812807,1479264.274502296,Cubic spline interp. of BLS annual data
1935-04-01,26781577.535487324,,74214.31000239402,1357299.4079755284,Cubic spline interp. of BLS annual data
1935-05-01,26859818.4070161,,78240.8715287745,1249287.6550664827,Cubic spline interp. of BLS annual data
1935-06-01,26944740.881408054,,84922.47439195588,1161198.1432497613,Cubic spline interp. of BLS annual data
1935-07-01,27039000.0,27039000.0,94259.11859194562,1099000.0,Cubic spline interp. of BLS annual data
1935-08-01,27144789.691445097,,105789.69144509733,1067206.3855290897,Cubic spline interp. of BLS annual data
1935-09-01,27262459.433662064,,117669.74221696705,1064506.5909980312,Cubic spline interp. of BLS annual data
1935-10-01,27391897.591885954,,129438.15822388977,1088133.9403050952,Cubic spline interp. of BLS annual data
1935-11-01,27532992.531351835,,141094.9394658804,1135321.7573485598,Cubic spline interp. of BLS annual data
1935-12-01,27685632.6172948,,152640.085942965,1203303.3660267033,Cubic spline interp. of BLS annual data
1936-01-01,27849706.214949917,,164073.5976551175,1289312.0902378,Cubic spline interp. of BLS annual data
1936-02-01,28025101.689552266,,175395.4746023491,1390581.2538801432,Cubic spline interp. of BLS annual data
1936-03-01,28211707.406336915,,186605.7167846486,1504344.1808519848,Cubic spline interp. of BLS annual data
1936-04-01,28409411.730538942,,197704.32420202717,1627834.195051618,Cubic spline interp. of BLS annual data
1936-05-01,28618103.027393404,,208691.29685446247,1758284.620377306,Cubic spline interp. of BLS annual data
1936-06-01,28837669.6621354,,219566.63474199548,1892928.7807273455,Cubic spline interp. of BLS annual data
1936-07-01,29068000.0,29068000.0,230330.33786460012,2029000.0,Cubic spline interp. of BLS annual data
1936-08-01,29308044.96534061,,240044.9653406106,2163255.2738955133,Cubic spline interp. of BLS annual data
1936-09-01,29553005.718984026,,244960.75364341587,2290546.285321962,Cubic spline interp. of BLS annual data
1936-10-01,29797145.980875373,,244140.26189134642,2405248.3889894187,Cubic spline interp. of BLS annual data
1936-11-01,30034729.470959757,,237583.49008438364,2501736.939607922,Cubic spline interp. of BLS annual data
1936-12-01,30260019.909182332,,225290.43822257593,2574387.291887533,Cubic spline interp. of BLS annual data
1937-01-01,30467281.01548821,,207261.1063058786,2617574.800538294,Cubic spline interp. of BLS annual data
1937-02-01,30650776.50982252,,183495.4943343103,2625674.820270255,Cubic spline interp. of BLS annual data
1937-03-01,30804770.112130396,,153993.6023078747,2593062.7057934813,Cubic spline interp. of BLS annual data
1937-04-01,30923525.542356957,,118755.43022656068,2514113.811818015,Cubic spline interp. of BLS annual data
1937-05-01,31001306.52044732,,77780.97809036449,2383203.493053917,Cubic spline interp. of BLS annual data
1937-06-01,31032376.766346633,,31070.245899312198,2194707.1042112336,Cubic spline interp. of BLS annual data
1937-07-01,31011000.0,31011000.0,-21376.766346633434,1943000.0,Cubic spline interp. of BLS annual data
1937-08-01,30934112.62311837,,-76887.37688162923,1626067.6577777602,Cubic spline interp. of BLS annual data
1937-09-01,30809341.764475916,,-124770.85864245519,1256336.0454918891,Cubic spline interp. of BLS annual data
1937-10-01,30646987.234612603,,-162354.52986331284,849841.2537372299,Cubic spline interp. of BLS annual data
1937-11-01,30457348.844068393,,-189638.39054420963,422619.3731086366,Cubic spline interp. of BLS annual data
1937-12-01,30250726.40338329,,-206622.44068510458,-9293.505799043924,Cubic spline interp. of BLS annual data
1938-01-01,30037419.72309725,,-213306.68028603867,-429861.2923909612,Cubic spline interp. of BLS annual data
1938-02-01,29827728.613750238,,-209691.1093470119,-823047.8960722834,Cubic spline interp. of BLS annual data
1938-03-01,29631952.885882266,,-195775.7278679721,-1172817.2262481302,Cubic spline interp. of BLS annual data
1938-04-01,29460392.350033276,,-171560.53584899008,-1463133.192323681,Cubic spline interp. of BLS annual data
1938-05-01,29323346.81674325,,-137045.53329002485,-1677959.7037040703,Cubic spline interp. of BLS annual data
1938-06-01,29231116.09655217,,-92230.72019108012,-1801260.6697944626,Cubic spline interp. of BLS annual data
1938-07-01,29194000.0,29194000.0,-37116.09655217081,-1817000.0,Cubic spline interp. of BLS annual data
1938-08-01,29218675.652870517,,24675.652870517224,-1715436.9702478535,Cubic spline interp. of BLS annual data
1938-09-01,29297329.441922583,,78653.78905206546,-1512012.322553333,Cubic spline interp. of BLS annual data
1938-10-01,29418525.0691589,,121195.62723631784,-1228462.1654537022,Cubic spline interp. of BLS annual data
1938-11-01,29570826.23658213,,152301.16742322966,-886522.6074862629,Cubic spline interp. of BLS annual data
1938-12-01,29742796.646194935,,171970.40961280465,-507929.7571883537,Cubic spline interp. of BLS annual data
1939-01-01,29923000.0,,180203.35380506516,-114419.72309724987,BLS monthly series
1939-02-01,30100000.0,,177000.0,272271.386249762,BLS monthly series
1939-03-01,30280000.0,,180000.0,648047.1141177341,BLS monthly series
1939-04-01,30094000.0,,-186000.0,633607.6499667242,BLS monthly series
1939-05-01,30299000.0,,205000.0,975653.1832567491,BLS monthly series
1939-06-01,30502000.0,,203000.0,1270883.9034478292,BLS monthly series
1939-07-01,30419000.0,,-83000.0,1225000.0,BLS monthly series
1939-08-01,30663000.0,,244000.0,1444324.3471294828,BLS monthly series
1939-09-01,31031000.0,,368000.0,1733670.5580774173,BLS monthly series
1939-10-01,31411000.0,,380000.0,1992474.9308410995,BLS monthly series
1939-11-01,31470000.0,,59000.0,1899173.7634178698,BLS monthly series
1939-12-01,31542000.0,,72000.0,1799203.3538050652,BLS monthly series
1940-01-01,31603000.0,,61000.0,1680000.0,BLS monthly series
1940-02-01,31715000.0,,112000.0,1615000.0,BLS monthly series
1940-03-01,31825000.0,,110000.0,1545000.0,BLS monthly series
1940-04-01,31701000.0,,-124000.0,1607000.0,BLS monthly series
1940-05-01,31879000.0,,178000.0,1580000.0,BLS monthly series
1940-06-01,31977000.0,,98000.0,1475000.0,BLS monthly series
1940-07-01,31942000.0,,-35000.0,1523000.0,BLS monthly series
1940-08-01,32352000.0,,410000.0,1689000.0,BLS monthly series
1940-09-01,32810000.0,,458000.0,1779000.0,BLS monthly series
1940-10-01,33267000.0,,457000.0,1856000.0,BLS monthly series
1940-11-01,33669000.0,,402000.0,2199000.0,BLS monthly series
1940-12-01,34174000.0,,505000.0,2632000.0,BLS monthly series
1941-01-01,34481000.0,,307000.0,2878000.0,BLS monthly series
1941-02-01,34843000.0,,362000.0,3128000.0,BLS monthly series
1941-03-01,35092000.0,,249000.0,3267000.0,BLS monthly series
1941-04-01,35468000.0,,376000.0,3767000.0,BLS monthly series
1941-05-01,36182000.0,,714000.0,4303000.0,BLS monthly series
1941-06-01,36650000.0,,468000.0,4673000.0,BLS monthly series
1941-07-01,37137000.0,,487000.0,5195000.0,BLS monthly series
1941-08-01,37544000.0,,407000.0,5192000.0,BLS monthly series
1941-09-01,37835000.0,,291000.0,5025000.0,BLS monthly series
1941-10-01,37949000.0,,114000.0,4682000.0,BLS monthly series
1941-11-01,38024000.0,,75000.0,4355000.0,BLS monthly series
1941-12-01,38104000.0,,80000.0,3930000.0,BLS monthly series
1942-01-01,38347000.0,,243000.0,3866000.0,BLS monthly series
1942-02-01,38512000.0,,165000.0,3669000.0,BLS monthly series
1942-03-01,38935000.0,,423000.0,3843000.0,BLS monthly series
1942-04-01,39352000.0,,417000.0,3884000.0,BLS monthly series
1942-05-01,39771000.0,,419000.0,3589000.0,BLS monthly series
1942-06-01,40029000.0,,258000.0,3379000.0,BLS monthly series
1942-07-01,40472000.0,,443000.0,3335000.0,BLS monthly series
1942-08-01,40988000.0,,516000.0,3444000.0,BLS monthly series
1942-09-01,41259000.0,,271000.0,3424000.0,BLS monthly series
1942-10-01,41515000.0,,256000.0,3566000.0,BLS monthly series
1942-11-01,41674000.0,,159000.0,3650000.0,BLS monthly series
1942-12-01,41915000.0,,241000.0,3811000.0,BLS monthly series
1943-01-01,42172000.0,,257000.0,3825000.0,BLS monthly series
1943-02-01,42393000.0,,221000.0,3881000.0,BLS monthly series
1943-03-01,42552000.0,,159000.0,3617000.0,BLS monthly series
1943-04-01,42647000.0,,95000.0,3295000.0,BLS monthly series
1943-05-01,42596000.0,,-51000.0,2825000.0,BLS monthly series
1943-06-01,42781000.0,,185000.0,2752000.0,BLS monthly series
1943-07-01,42700000.0,,-81000.0,2228000.0,BLS monthly series
1943-08-01,42546000.0,,-154000.0,1558000.0,BLS monthly series
1943-09-01,42492000.0,,-54000.0,1233000.0,BLS monthly series
1943-10-01,42675000.0,,183000.0,1160000.0,BLS monthly series
1943-11-01,42821000.0,,146000.0,1147000.0,BLS monthly series
1943-12-01,42746000.0,,-75000.0,831000.0,BLS monthly series
1944-01-01,42654000.0,,-92000.0,482000.0,BLS monthly series
1944-02-01,42538000.0,,-116000.0,145000.0,BLS monthly series
1944-03-01,42294000.0,,-244000.0,-258000.0,BLS monthly series
1944-04-01,42063000.0,,-231000.0,-584000.0,BLS monthly series
1944-05-01,41985000.0,,-78000.0,-611000.0,BLS monthly series
1944-06-01,41947000.0,,-38000.0,-834000.0,BLS monthly series
1944-07-01,41904000.0,,-43000.0,-796000.0,BLS monthly series
1944-08-01,41850000.0,,-54000.0,-696000.0,BLS monthly series
1944-09-01,41679000.0,,-171000.0,-813000.0,BLS monthly series
1944-10-01,41708000.0,,29000.0,-967000.0,BLS monthly series
1944-11-01,41711000.0,,3000.0,-1110000.0,BLS monthly series
1944-12-01,41860000.0,,149000.0,-886000.0,BLS monthly series
1945-01-01,41895000.0,,35000.0,-759000.0,BLS monthly series
1945-02-01,41897000.0,,2000.0,-641000.0,BLS monthly series
1945-03-01,41798000.0,,-99000.0,-496000.0,BLS monthly series
1945-04-01,41446000.0,,-352000.0,-617000.0,BLS monthly series
1945-05-01,41304000.0,,-142000.0,-681000.0,BLS monthly series
1945-06-01,41149000.0,,-155000.0,-798000.0,BLS monthly series
1945-07-01,40874000.0,,-275000.0,-1030000.0,BLS monthly series
1945-08-01,40466000.0,,-408000.0,-1384000.0,BLS monthly series
1945-09-01,38507000.0,,-1959000.0,-3172000.0,BLS monthly series
1945-10-01,38600000.0,,93000.0,-3108000.0,BLS monthly series
1945-11-01,38996000.0,,396000.0,-2715000.0,BLS monthly series
1945-12-01,39110000.0,,114000.0,-2750000.0,BLS monthly series
1946-01-01,39829000.0,,719000.0,-2066000.0,BLS monthly series
1946-02-01,39244000.0,,-585000.0,-2653000.0,BLS monthly series
1946-03-01,40195000.0,,951000.0,-1603000.0,BLS monthly series
1946-04-01,40913000.0,,718000.0,-533000.0,BLS monthly series
1946-05-01,41349000.0,,436000.0,45000.0,BLS monthly series
1946-06-01,41735000.0,,386000.0,586000.0,BLS monthly series
1946-07-01,42153000.0,,418000.0,1279000.0,BLS monthly series
1946-08-01,42642000.0,,489000.0,2176000.0,BLS monthly series
1946-09-01,42915000.0,,273000.0,4408000.0,BLS monthly series
1946-10-01,43093000.0,,178000.0,4493000.0,BLS monthly series
1946-11-01,43395000.0,,302000.0,4399000.0,BLS monthly series
1946-12-01,43379000.0,,-16000.0,4269000.0,BLS monthly series
1947-01-01,43535000.0,,156000.0,3706000.0,BLS monthly series
1947-02-01,43557000.0,,22000.0,4313000.0,BLS monthly series
1947-03-01,43607000.0,,50000.0,3412000.0,BLS monthly series
1947-04-01,43499000.0,,-108000.0,2586000.0,BLS monthly series
1947-05-01,43638000.0,,139000.0,2289000.0,BLS monthly series
1947-06-01,43810000.0,,172000.0,2075000.0,BLS monthly series
1947-07-01,43743000.0,,-67000.0,1590000.0,BLS monthly series
1947-08-01,43960000.0,,217000.0,1318000.0,BLS monthly series
1947-09-01,44203000.0,,243000.0,1288000.0,BLS monthly series
1947-10-01,44411000.0,,208000.0,1318000.0,BLS monthly series
1947-11-01,44484000.0,,73000.0,1089000.0,BLS monthly series
1947-12-01,44581000.0,,97000.0,1202000.0,BLS monthly series
1948-01-01,44679000.0,,98000.0,1144000.0,BLS monthly series
1948-02-01,44533000.0,,-146000.0,976000.0,BLS monthly series
1948-03-01,44683000.0,,150000.0,1076000.0,BLS monthly series
1948-04-01,44379000.0,,-304000.0,880000.0,BLS monthly series
1948-05-01,44796000.0,,417000.0,1158000.0,BLS monthly series
1948-06-01,45034000.0,,238000.0,1224000.0,BLS monthly series
1948-07-01,45160000.0,,126000.0,1417000.0,BLS monthly series
1948-08-01,45178000.0,,18000.0,1218000.0,BLS monthly series
1948-09-01,45294000.0,,116000.0,1091000.0,BLS monthly series
1948-10-01,45245000.0,,-49000.0,834000.0,BLS monthly series
1948-11-01,45192000.0,,-53000.0,708000.0,BLS monthly series
1948-12-01,45032000.0,,-160000.0,451000.0,BLS monthly series
1949-01-01,44668000.0,,-364000.0,-11000.0,BLS monthly series
1949-02-01,44497000.0,,-171000.0,-36000.0,BLS monthly series
1949-03-01,44240000.0,,-257000.0,-443000.0,BLS monthly series
1949-04-01,44236000.0,,-4000.0,-143000.0,BLS monthly series
1949-05-01,43984000.0,,-252000.0,-812000.0,BLS monthly series
1949-06-01,43739000.0,,-245000.0,-1295000.0,BLS monthly series
1949-07-01,43531000.0,,-208000.0,-1629000.0,BLS monthly series
1949-08-01,43624000.0,,93000.0,-1554000.0,BLS monthly series
1949-09-01,43780000.0,,156000.0,-1514000.0,BLS monthly series
1949-10-01,42942000.0,,-838000.0,-2303000.0,BLS monthly series
1949-11-01,43242000.0,,300000.0,-1950000.0,BLS monthly series
1949-12-01,43522000.0,,280000.0,-1510000.0,BLS monthly series
1950-01-01,43526000.0,,4000.0,-1142000.0,BLS monthly series
1950-02-01,43297000.0,,-229000.0,-1200000.0,BLS monthly series
1950-03-01,43954000.0,,657000.0,-286000.0,BLS monthly series
1950-04-01,44382000.0,,428000.0,146000.0,BLS monthly series
1950-05-01,44718000.0,,336000.0,734000.0,BLS monthly series
1950-06-01,45083000.0,,365000.0,1344000.0,BLS monthly series
1950-07-01,45454000.0,,371000.0,1923000.0,BLS monthly series
1950-08-01,46192000.0,,738000.0,2568000.0,BLS monthly series
1950-09-01,46438000.0,,246000.0,2658000.0,BLS monthly series
1950-10-01,46706000.0,,268000.0,3764000.0,BLS monthly series
1950-11-01,46776000.0,,70000.0,3534000.0,BLS monthly series
1950-12-01,46861000.0,,85000.0,3339000.0,BLS monthly series
1951-01-01,47288000.0,,427000.0,3762000.0,BLS monthly series
1951-02-01,47577000.0,,289000.0,4280000.0,BLS monthly series
1951-03-01,47873000.0,,296000.0,3919000.0,BLS monthly series
1951-04-01,47861000.0,,-12000.0,3479000.0,BLS monthly series
1951-05-01,47952000.0,,91000.0,3234000.0,BLS monthly series
1951-06-01,48064000.0,,112000.0,2981000.0,BLS monthly series
1951-07-01,48061000.0,,-3000.0,2607000.0,BLS monthly series
1951-08-01,48012000.0,,-49000.0,1820000.0,BLS monthly series
1951-09-01,47954000.0,,-58000.0,1516000.0,BLS monthly series
1951-10-01,48006000.0,,52000.0,1300000.0,BLS monthly series
1951-11-01,48147000.0,,141000.0,1371000.0,BLS monthly series
1951-12-01,48314000.0,,167000.0,1453000.0,BLS monthly series
1952-01-01,48296000.0,,-18000.0,1008000.0,BLS monthly series
1952-02-01,48522000.0,,226000.0,945000.0,BLS monthly series
1952-03-01,48504000.0,,-18000.0,631000.0,BLS monthly series
1952-04-01,48620000.0,,116000.0,759000.0,BLS monthly series
1952-05-01,48642000.0,,22000.0,690000.0,BLS monthly series
1952-06-01,48282000.0,,-360000.0,218000.0,BLS monthly series
1952-07-01,48143000.0,,-139000.0,82000.0,BLS monthly series
1952-08-01,48924000.0,,781000.0,912000.0,BLS monthly series
1952-09-01,49320000.0,,396000.0,1366000.0,BLS monthly series
1952-10-01,49597000.0,,277000.0,1591000.0,BLS monthly series
1952-11-01,49816000.0,,219000.0,1669000.0,BLS monthly series
1952-12-01,50166000.0,,350000.0,1852000.0,BLS monthly series
1953-01-01,50144000.0,,-22000.0,1848000.0,BLS monthly series
1953-02-01,50339000.0,,195000.0,1817000.0,BLS monthly series
1953-03-01,50473000.0,,134000.0,1969000.0,BLS monthly series
1953-04-01,50435000.0,,-38000.0,1815000.0,BLS monthly series
1953-05-01,50490000.0,,55000.0,1848000.0,BLS monthly series
1953-06-01,50519000.0,,29000.0,2237000.0,BLS monthly series
1953-07-01,50536000.0,,17000.0,2393000.0,BLS monthly series
1953-08-01,50489000.0,,-47000.0,1565000.0,BLS monthly series
1953-09-01,50368000.0,,-121000.0,1048000.0,BLS monthly series
1953-10-01,50240000.0,,-128000.0,643000.0,BLS monthly series
1953-11-01,49908000.0,,-332000.0,92000.0,BLS monthly series
1953-12-01,49703000.0,,-205000.0,-463000.0,BLS monthly series
1954-01-01,49469000.0,,-234000.0,-675000.0,BLS monthly series
1954-02-01,49382000.0,,-87000.0,-957000.0,BLS monthly series
1954-03-01,49157000.0,,-225000.0,-1316000.0,BLS monthly series
1954-04-01,49179000.0,,22000.0,-1256000.0,BLS monthly series
1954-05-01,48965000.0,,-214000.0,-1525000.0,BLS monthly series
1954-06-01,48895000.0,,-70000.0,-1624000.0,BLS monthly series
1954-07-01,48835000.0,,-60000.0,-1701000.0,BLS monthly series
1954-08-01,48826000.0,,-9000.0,-1663000.0,BLS monthly series
1954-09-01,48886000.0,,60000.0,-1482000.0,BLS monthly series
1954-10-01,48942000.0,,56000.0,-1298000.0,BLS monthly series
1954-11-01,49180000.0,,238000.0,-728000.0,BLS monthly series
1954-12-01,49331000.0,,151000.0,-372000.0,BLS monthly series
1955-01-01,49496000.0,,165000.0,27000.0,BLS monthly series
1955-02-01,49644000.0,,148000.0,262000.0,BLS monthly series
1955-03-01,49962000.0,,318000.0,805000.0,BLS monthly series
1955-04-01,50248000.0,,286000.0,1069000.0,BLS monthly series
1955-05-01,50512000.0,,264000.0,1547000.0,BLS monthly series
1955-06-01,50790000.0,,278000.0,1895000.0,BLS monthly series
1955-07-01,50987000.0,,197000.0,2152000.0,BLS monthly series
1955-08-01,51111000.0,,124000.0,2285000.0,BLS monthly series
1955-09-01,51266000.0,,155000.0,2380000.0,BLS monthly series
1955-10-01,51429000.0,,163000.0,2487000.0,BLS monthly series
1955-11-01,51592000.0,,163000.0,2412000.0,BLS monthly series
1955-12-01,51805000.0,,213000.0,2474000.0,BLS monthly series
1956-01-01,51975000.0,,170000.0,2479000.0,BLS monthly series
1956-02-01,52167000.0,,192000.0,2523000.0,BLS monthly series
1956-03-01,52294000.0,,127000.0,2332000.0,BLS monthly series
1956-04-01,52375000.0,,81000.0,2127000.0,BLS monthly series
1956-05-01,52506000.0,,131000.0,1994000.0,BLS monthly series
1956-06-01,52586000.0,,80000.0,1796000.0,BLS monthly series
1956-07-01,51955000.0,,-631000.0,968000.0,BLS monthly series
1956-08-01,52631000.0,,676000.0,1520000.0,BLS monthly series
1956-09-01,52604000.0,,-27000.0,1338000.0,BLS monthly series
1956-10-01,52777000.0,,173000.0,1348000.0,BLS monthly series
1956-11-01,52821000.0,,44000.0,1229000.0,BLS monthly series
1956-12-01,52929000.0,,108000.0,1124000.0,BLS monthly series
1957-01-01,52887000.0,,-42000.0,912000.0,BLS monthly series
1957-02-01,53097000.0,,210000.0,930000.0,BLS monthly series
1957-03-01,53156000.0,,59000.0,862000.0,BLS monthly series
1957-04-01,53238000.0,,82000.0,863000.0,BLS monthly series
1957-05-01,53150000.0,,-88000.0,644000.0,BLS monthly series
1957-06-01,53067000.0,,-83000.0,481000.0,BLS monthly series
1957-07-01,53123000.0,,56000.0,1168000.0,BLS monthly series
1957-08-01,53128000.0,,5000.0,497000.0,BLS monthly series
1957-09-01,52934000.0,,-194000.0,330000.0,BLS monthly series
1957-10-01,52763000.0,,-171000.0,-14000.0,BLS monthly series
1957-11-01,52558000.0,,-205000.0,-263000.0,BLS monthly series
1957-12-01,52384000.0,,-174000.0,-545000.0,BLS monthly series
1958-01-01,52076000.0,,-308000.0,-811000.0,BLS monthly series
1958-02-01,51576000.0,,-500000.0,-1521000.0,BLS monthly series
1958-03-01,51299000.0,,-277000.0,-1857000.0,BLS monthly series
1958-04-01,51027000.0,,-272000.0,-2211000.0,BLS monthly series
1958-05-01,50914000.0,,-113000.0,-2236000.0,BLS monthly series
1958-06-01,50914000.0,,0.0,-2153000.0,BLS monthly series
1958-07-01,51039000.0,,125000.0,-2084000.0,BLS monthly series
1958-08-01,51233000.0,,194000.0,-1895000.0,BLS monthly series
1958-09-01,51506000.0,,273000.0,-1428000.0,BLS monthly series
1958-10-01,51485000.0,,-21000.0,-1278000.0,BLS monthly series
1958-11-01,51944000.0,,459000.0,-614000.0,BLS monthly series
1958-12-01,52085000.0,,141000.0,-299000.0,BLS monthly series
1959-01-01,52478000.0,,393000.0,402000.0,BLS monthly series
1959-02-01,52688000.0,,210000.0,1112000.0,BLS monthly series
1959-03-01,53014000.0,,326000.0,1715000.0,BLS monthly series
1959-04-01,53321000.0,,307000.0,2294000.0,BLS monthly series
1959-05-01,53550000.0,,229000.0,2636000.0,BLS monthly series
1959-06-01,53681000.0,,131000.0,2767000.0,BLS monthly series
1959-07-01,53804000.0,,123000.0,2765000.0,BLS monthly series
1959-08-01,53336000.0,,-468000.0,2103000.0,BLS monthly series
1959-09-01,53428000.0,,92000.0,1922000.0,BLS monthly series
1959-10-01,53358000.0,,-70000.0,1873000.0,BLS monthly series
1959-11-01,53634000.0,,276000.0,1690000.0,BLS monthly series
1959-12-01,54174000.0,,540000.0,2089000.0,BLS monthly series
1960-01-01,54274000.0,,100000.0,1796000.0,BLS monthly series
1960-02-01,54513000.0,,239000.0,1825000.0,BLS monthly series
1960-03-01,54454000.0,,-59000.0,1440000.0,BLS monthly series
1960-04-01,54813000.0,,359000.0,1492000.0,BLS monthly series
1960-05-01,54475000.0,,-338000.0,925000.0,BLS monthly series
1960-06-01,54348000.0,,-127000.0,667000.0,BLS monthly series
1960-07-01,54306000.0,,-42000.0,502000.0,BLS monthly series
1960-08-01,54272000.0,,-34000.0,936000.0,BLS monthly series
1960-09-01,54227000.0,,-45000.0,799000.0,BLS monthly series
1960-10-01,54142000.0,,-85000.0,784000.0,BLS monthly series
1960-11-01,53961000.0,,-181000.0,327000.0,BLS monthly series
1960-12-01,53742000.0,,-219000.0,-432000.0,BLS monthly series
1961-01-01,53683000.0,,-59000.0,-591000.0,BLS monthly series
1961-02-01,53557000.0,,-126000.0,-956000.0,BLS monthly series
1961-03-01,53659000.0,,102000.0,-795000.0,BLS monthly series
1961-04-01,53627000.0,,-32000.0,-1186000.0,BLS monthly series
1961-05-01,53786000.0,,159000.0,-689000.0,BLS monthly series
1961-06-01,53977000.0,,191000.0,-371000.0,BLS monthly series
1961-07-01,54123000.0,,146000.0,-183000.0,BLS monthly series
1961-08-01,54298000.0,,175000.0,26000.0,BLS monthly series
1961-09-01,54388000.0,,90000.0,161000.0,BLS monthly series
1961-10-01,54522000.0,,134000.0,380000.0,BLS monthly series
1961-11-01,54742000.0,,220000.0,781000.0,BLS monthly series
1961-12-01,54872000.0,,130000.0,1130000.0,BLS monthly series
1962-01-01,54891000.0,,19000.0,1208000.0,BLS monthly series
1962-02-01,55188000.0,,297000.0,1631000.0,BLS monthly series
1962-03-01,55275000.0,,87000.0,1616000.0,BLS monthly series
1962-04-01,55602000.0,,327000.0,1975000.0,BLS monthly series
1962-05-01,55628000.0,,26000.0,1842000.0,BLS monthly series
1962-06-01,55644000.0,,16000.0,1667000.0,BLS monthly series
1962-07-01,55746000.0,,102000.0,1623000.0,BLS monthly series
1962-08-01,55838000.0,,92000.0,1540000.0,BLS monthly series
1962-09-01,55978000.0,,140000.0,1590000.0,BLS monthly series
1962-10-01,56041000.0,,63000.0,1519000.0,BLS monthly series
1962-11-01,56056000.0,,15000.0,1314000.0,BLS monthly series
1962-12-01,56028000.0,,-28000.0,1156000.0,BLS monthly series
1963-01-01,56115000.0,,87000.0,1224000.0,BLS monthly series
1963-02-01,56230000.0,,115000.0,1042000.0,BLS monthly series
1963-03-01,56320000.0,,90000.0,1045000.0,BLS monthly series
1963-04-01,56580000.0,,260000.0,978000.0,BLS monthly series
1963-05-01,56616000.0,,36000.0,988000.0,BLS monthly series
1963-06-01,56659000.0,,43000.0,1015000.0,BLS monthly series
1963-07-01,56794000.0,,135000.0,1048000.0,BLS monthly series
1963-08-01,56910000.0,,116000.0,1072000.0,BLS monthly series
1963-09-01,57078000.0,,168000.0,1100000.0,BLS monthly series
1963-10-01,57283000.0,,205000.0,1242000.0,BLS monthly series
1963-11-01,57255000.0,,-28000.0,1199000.0,BLS monthly series
1963-12-01,57361000.0,,106000.0,1333000.0,BLS monthly series
1964-01-01,57487000.0,,126000.0,1372000.0,BLS monthly series
1964-02-01,57753000.0,,266000.0,1523000.0,BLS monthly series
1964-03-01,57897000.0,,144000.0,1577000.0,BLS monthly series
1964-04-01,57922000.0,,25000.0,1342000.0,BLS monthly series
1964-05-01,58089000.0,,167000.0,1473000.0,BLS monthly series
1964-06-01,58219000.0,,130000.0,1560000.0,BLS monthly series
1964-07-01,58412000.0,,193000.0,1618000.0,BLS monthly series
1964-08-01,58619000.0,,207000.0,1709000.0,BLS monthly series
1964-09-01,58903000.0,,284000.0,1825000.0,BLS monthly series
1964-10-01,58793000.0,,-110000.0,1510000.0,BLS monthly series
1964-11-01,59218000.0,,425000.0,1963000.0,BLS monthly series
1964-12-01,59421000.0,,203000.0,2060000.0,BLS monthly series
1965-01-01,59582000.0,,161000.0,2095000.0,BLS monthly series
1965-02-01,59800000.0,,218000.0,2047000.0,BLS monthly series
1965-03-01,60003000.0,,203000.0,2106000.0,BLS monthly series
1965-04-01,60259000.0,,256000.0,2337000.0,BLS monthly series
1965-05-01,60491000.0,,232000.0,2402000.0,BLS monthly series
1965-06-01,60690000.0,,199000.0,2471000.0,BLS monthly series
1965-07-01,60965000.0,,275000.0,2553000.0,BLS monthly series
1965-08-01,61228000.0,,263000.0,2609000.0,BLS monthly series
1965-09-01,61490000.0,,262000.0,2587000.0,BLS monthly series
1965-10-01,61719000.0,,229000.0,2926000.0,BLS monthly series
1965-11-01,61996000.0,,277000.0,2778000.0,BLS monthly series
1965-12-01,62322000.0,,326000.0,2901000.0,BLS monthly series
1966-01-01,62529000.0,,207000.0,2947000.0,BLS monthly series
1966-02-01,62796000.0,,267000.0,2996000.0,BLS monthly series
1966-03-01,63192000.0,,396000.0,3189000.0,BLS monthly series
1966-04-01,63437000.0,,245000.0,3178000.0,BLS monthly series
1966-05-01,63712000.0,,275000.0,3221000.0,BLS monthly series
1966-06-01,64111000.0,,399000.0,3421000.0,BLS monthly series
1966-07-01,64301000.0,,190000.0,3336000.0,BLS monthly series
1966-08-01,64507000.0,,206000.0,3279000.0,BLS monthly series
1966-09-01,64643000.0,,136000.0,3153000.0,BLS monthly series
1966-10-01,64854000.0,,211000.0,3135000.0,BLS monthly series
1966-11-01,65019000.0,,165000.0,3023000.0,BLS monthly series
1966-12-01,65199000.0,,180000.0,2877000.0,BLS monthly series
1967-01-01,65407000.0,,208000.0,2878000.0,BLS monthly series
1967-02-01,65429000.0,,22000.0,2633000.0,BLS monthly series
1967-03-01,65530000.0,,101000.0,2338000.0,BLS monthly series
1967-04-01,65466000.0,,-64000.0,2029000.0,BLS monthly series
1967-05-01,65620000.0,,154000.0,1908000.0,BLS monthly series
1967-06-01,65750000.0,,130000.0,1639000.0,BLS monthly series
1967-07-01,65888000.0,,138000.0,1587000.0,BLS monthly series
1967-08-01,66143000.0,,255000.0,1636000.0,BLS monthly series
1967-09-01,66164000.0,,21000.0,1521000.0,BLS monthly series
1967-10-01,66225000.0,,61000.0,1371000.0,BLS monthly series
1967-11-01,66703000.0,,478000.0,1684000.0,BLS monthly series
1967-12-01,66900000.0,,197000.0,1701000.0,BLS monthly series
1968-01-01,66804000.0,,-96000.0,1397000.0,BLS monthly series
1968-02-01,67215000.0,,411000.0,1786000.0,BLS monthly series
1968-03-01,67295000.0,,80000.0,1765000.0,BLS monthly series
1968-04-01,67556000.0,,261000.0,2090000.0,BLS monthly series
1968-05-01,67652000.0,,96000.0,2032000.0,BLS monthly series
1968-06-01,67905000.0,,253000.0,2155000.0,BLS monthly series
1968-07-01,68126000.0,,221000.0,2238000.0,BLS monthly series
1968-08-01,68330000.0,,204000.0,2187000.0,BLS monthly series
1968-09-01,68484000.0,,154000.0,2320000.0,BLS monthly series
1968-10-01,68721000.0,,237000.0,2496000.0,BLS monthly series
1968-11-01,68984000.0,,263000.0,2281000.0,BLS monthly series
1968-12-01,69248000.0,,264000.0,2348000.0,BLS monthly series
1969-01-01,69439000.0,,191000.0,2635000.0,BLS monthly series
1969-02-01,69699000.0,,260000.0,2484000.0,BLS monthly series
1969-03-01,69905000.0,,206000.0,2610000.0,BLS monthly series
1969-04-01,70072000.0,,167000.0,2516000.0,BLS monthly series
1969-05-01,70328000.0,,256000.0,2676000.0,BLS monthly series
1969-06-01,70636000.0,,308000.0,2731000.0,BLS monthly series
1969-07-01,70729000.0,,93000.0,2603000.0,BLS monthly series
1969-08-01,71008000.0,,279000.0,2678000.0,BLS monthly series
1969-09-01,70914000.0,,-94000.0,2430000.0,BLS monthly series
1969-10-01,71121000.0,,207000.0,2400000.0,BLS monthly series
1969-11-01,71086000.0,,-35000.0,2102000.0,BLS monthly series
1969-12-01,71241000.0,,155000.0,1993000.0,BLS monthly series
1970-01-01,71176000.0,,-65000.0,1737000.0,BLS monthly series
1970-02-01,71305000.0,,129000.0,1606000.0,BLS monthly series
1970-03-01,71451000.0,,146000.0,1546000.0,BLS monthly series
1970-04-01,71348000.0,,-103000.0,1276000.0,BLS monthly series
1970-05-01,71124000.0,,-224000.0,796000.0,BLS monthly series
1970-06-01,71029000.0,,-95000.0,393000.0,BLS monthly series
1970-07-01,71053000.0,,24000.0,324000.0,BLS monthly series
1970-08-01,70937000.0,,-116000.0,-71000.0,BLS monthly series
1970-09-01,70944000.0,,7000.0,30000.0,BLS monthly series
1970-10-01,70521000.0,,-423000.0,-600000.0,BLS monthly series
1970-11-01,70409000.0,,-112000.0,-677000.0,BLS monthly series
1970-12-01,70792000.0,,383000.0,-449000.0,BLS monthly series
1971-01-01,70865000.0,,73000.0,-311000.0,BLS monthly series
1971-02-01,70807000.0,,-58000.0,-498000.0,BLS monthly series
1971-03-01,70860000.0,,53000.0,-591000.0,BLS monthly series
1971-04-01,71036000.0,,176000.0,-312000.0,BLS monthly series
1971-05-01,71247000.0,,211000.0,123000.0,BLS monthly series
1971-06-01,71254000.0,,7000.0,225000.0,BLS monthly series
1971-07-01,71315000.0,,61000.0,262000.0,BLS monthly series
1971-08-01,71373000.0,,58000.0,436000.0,BLS monthly series
1971-09-01,71614000.0,,241000.0,670000.0,BLS monthly series
1971-10-01,71642000.0,,28000.0,1121000.0,BLS monthly series
1971-11-01,71847000.0,,205000.0,1438000.0,BLS monthly series
1971-12-01,72109000.0,,262000.0,1317000.0,BLS monthly series
1972-01-01,72441000.0,,332000.0,1576000.0,BLS monthly series
1972-02-01,72648000.0,,207000.0,1841000.0,BLS monthly series
1972-03-01,72944000.0,,296000.0,2084000.0,BLS monthly series
1972-04-01,73162000.0,,218000.0,2126000.0,BLS monthly series
1972-05-01,73469000.0,,307000.0,2222000.0,BLS monthly series
1972-06-01,73758000.0,,289000.0,2504000.0,BLS monthly series
1972-07-01,73709000.0,,-49000.0,2394000.0,BLS monthly series
1972-08-01,74141000.0,,432000.0,2768000.0,BLS monthly series
1972-09-01,74264000.0,,123000.0,2650000.0,BLS monthly series
1972-10-01,74674000.0,,410000.0,3032000.0,BLS monthly series
1972-11-01,74973000.0,,299000.0,3126000.0,BLS monthly series
1972-12-01,75268000.0,,295000.0,3159000.0,BLS monthly series
1973-01-01,75617000.0,,349000.0,3176000.0,BLS monthly series
1973-02-01,76014000.0,,397000.0,3366000.0,BLS monthly series
1973-03-01,76284000.0,,270000.0,3340000.0,BLS monthly series
1973-04-01,76455000.0,,171000.0,3293000.0,BLS monthly series
1973-05-01,76648000.0,,193000.0,3179000.0,BLS monthly series
1973-06-01,76887000.0,,239000.0,3129000.0,BLS monthly series
1973-07-01,76913000.0,,26000.0,3204000.0,BLS monthly series
1973-08-01,77168000.0,,255000.0,3027000.0,BLS monthly series
1973-09-01,77276000.0,,108000.0,3012000.0,BLS monthly series
1973-10-01,77607000.0,,331000.0,2933000.0,BLS monthly series
1973-11-01,77920000.0,,313000.0,2947000.0,BLS monthly series
1973-12-01,78031000.0,,111000.0,2763000.0,BLS monthly series
1974-01-01,78100000.0,,69000.0,2483000.0,BLS monthly series
1974-02-01,78254000.0,,154000.0,2240000.0,BLS monthly series
1974-03-01,78296000.0,,42000.0,2012000.0,BLS monthly series
1974-04-01,78382000.0,,86000.0,1927000.0,BLS monthly series
1974-05-01,78549000.0,,167000.0,1901000.0,BLS monthly series
1974-06-01,78604000.0,,55000.0,1717000.0,BLS monthly series
1974-07-01,78636000.0,,32000.0,1723000.0,BLS monthly series
1974-08-01,78619000.0,,-17000.0,1451000.0,BLS monthly series
1974-09-01,78610000.0,,-9000.0,1334000.0,BLS monthly series
1974-10-01,78630000.0,,20000.0,1023000.0,BLS monthly series
1974-11-01,78265000.0,,-365000.0,345000.0,BLS monthly series
1974-12-01,77652000.0,,-613000.0,-379000.0,BLS monthly series
1975-01-01,77293000.0,,-359000.0,-807000.0,BLS monthly series
1975-02-01,76918000.0,,-375000.0,-1336000.0,BLS monthly series
1975-03-01,76648000.0,,-270000.0,-1648000.0,BLS monthly series
1975-04-01,76460000.0,,-188000.0,-1922000.0,BLS monthly series
1975-05-01,76624000.0,,164000.0,-1925000.0,BLS monthly series
1975-06-01,76521000.0,,-103000.0,-2083000.0,BLS monthly series
1975-07-01,76770000.0,,249000.0,-1866000.0,BLS monthly series
1975-08-01,77153000.0,,383000.0,-1466000.0,BLS monthly series
1975-09-01,77228000.0,,75000.0,-1382000.0,BLS monthly series
1975-10-01,77540000.0,,312000.0,-1090000.0,BLS monthly series
1975-11-01,77685000.0,,145000.0,-580000.0,BLS monthly series
1975-12-01,78017000.0,,332000.0,365000.0,BLS monthly series
1976-01-01,78503000.0,,486000.0,1210000.0,BLS monthly series
1976-02-01,78816000.0,,313000.0,1898000.0,BLS monthly series
1976-03-01,79048000.0,,232000.0,2400000.0,BLS monthly series
1976-04-01,79292000.0,,244000.0,2832000.0,BLS monthly series
1976-05-01,79312000.0,,20000.0,2688000.0,BLS monthly series
1976-06-01,79376000.0,,64000.0,2855000.0,BLS monthly series
1976-07-01,79547000.0,,171000.0,2777000.0,BLS monthly series
1976-08-01,79704000.0,,157000.0,2551000.0,BLS monthly series
1976-09-01,79892000.0,,188000.0,2664000.0,BLS monthly series
1976-10-01,79911000.0,,19000.0,2371000.0,BLS monthly series
1976-11-01,80240000.0,,329000.0,2555000.0,BLS monthly series
1976-12-01,80448000.0,,208000.0,2431000.0,BLS monthly series
1977-01-01,80690000.0,,242000.0,2187000.0,BLS monthly series
1977-02-01,80988000.0,,298000.0,2172000.0,BLS monthly series
1977-03-01,81391000.0,,403000.0,2343000.0,BLS monthly series
1977-04-01,81728000.0,,337000.0,2436000.0,BLS monthly series
1977-05-01,82088000.0,,360000.0,2776000.0,BLS monthly series
1977-06-01,82488000.0,,400000.0,3112000.0,BLS monthly series
1977-07-01,82834000.0,,346000.0,3287000.0,BLS monthly series
1977-08-01,83075000.0,,241000.0,3371000.0,BLS monthly series
1977-09-01,83532000.0,,457000.0,3640000.0,BLS monthly series
1977-10-01,83800000.0,,268000.0,3889000.0,BLS monthly series
1977-11-01,84173000.0,,373000.0,3933000.0,BLS monthly series
1977-12-01,84410000.0,,237000.0,3962000.0,BLS monthly series
1978-01-01,84594000.0,,184000.0,3904000.0,BLS monthly series
1978-02-01,84948000.0,,354000.0,3960000.0,BLS monthly series
1978-03-01,85460000.0,,512000.0,4069000.0,BLS monthly series
1978-04-01,86162000.0,,702000.0,4434000.0,BLS monthly series
1978-05-01,86509000.0,,347000.0,4421000.0,BLS monthly series
1978-06-01,86950000.0,,441000.0,4462000.0,BLS monthly series
1978-07-01,87204000.0,,254000.0,4370000.0,BLS monthly series
1978-08-01,87483000.0,,279000.0,4408000.0,BLS monthly series
1978-09-01,87621000.0,,138000.0,4089000.0,BLS monthly series
1978-10-01,87956000.0,,335000.0,4156000.0,BLS monthly series
1978-11-01,88391000.0,,435000.0,4218000.0,BLS monthly series
1978-12-01,88671000.0,,280000.0,4261000.0,BLS monthly series
1979-01-01,88808000.0,,137000.0,4214000.0,BLS monthly series
1979-02-01,89055000.0,,247000.0,4107000.0,BLS monthly series
1979-03-01,89479000.0,,424000.0,4019000.0,BLS monthly series
1979-04-01,89417000.0,,-62000.0,3255000.0,BLS monthly series
1979-05-01,89789000.0,,372000.0,3280000.0,BLS monthly series
1979-06-01,90108000.0,,319000.0,3158000.0,BLS monthly series
1979-07-01,90217000.0,,109000.0,3013000.0,BLS monthly series
1979-08-01,90300000.0,,83000.0,2817000.0,BLS monthly series
1979-09-01,90327000.0,,27000.0,2706000.0,BLS monthly series
1979-10-01,90481000.0,,154000.0,2525000.0,BLS monthly series
1979-11-01,90573000.0,,92000.0,2182000.0,BLS monthly series
1979-12-01,90672000.0,,99000.0,2001000.0,BLS monthly series
1980-01-01,90800000.0,,128000.0,1992000.0,BLS monthly series
1980-02-01,90883000.0,,83000.0,1828000.0,BLS monthly series
1980-03-01,90994000.0,,111000.0,1515000.0,BLS monthly series
1980-04-01,90849000.0,,-145000.0,1432000.0,BLS monthly series
1980-05-01,90420000.0,,-429000.0,631000.0,BLS monthly series
1980-06-01,90101000.0,,-319000.0,-7000.0,BLS monthly series
1980-07-01,89840000.0,,-261000.0,-377000.0,BLS monthly series
1980-08-01,90099000.0,,259000.0,-201000.0,BLS monthly series
1980-09-01,90213000.0,,114000.0,-114000.0,BLS monthly series
1980-10-01,90490000.0,,277000.0,9000.0,BLS monthly series
1980-11-01,90747000.0,,257000.0,174000.0,BLS monthly series
1980-12-01,90943000.0,,196000.0,271000.0,BLS monthly series
1981-01-01,91033000.0,,90000.0,233000.0,BLS monthly series
1981-02-01,91105000.0,,72000.0,222000.0,BLS monthly series
1981-03-01,91210000.0,,105000.0,216000.0,BLS monthly series
1981-04-01,91283000.0,,73000.0,434000.0,BLS monthly series
1981-05-01,91296000.0,,13000.0,876000.0,BLS monthly series
1981-06-01,91490000.0,,194000.0,1389000.0,BLS monthly series
1981-07-01,91601000.0,,111000.0,1761000.0,BLS monthly series
1981-08-01,91565000.0,,-36000.0,1466000.0,BLS monthly series
1981-09-01,91477000.0,,-88000.0,1264000.0,BLS monthly series
1981-10-01,91380000.0,,-97000.0,890000.0,BLS monthly series
1981-11-01,91171000.0,,-209000.0,424000.0,BLS monthly series
1981-12-01,90895000.0,,-276000.0,-48000.0,BLS monthly series
1982-01-01,90565000.0,,-330000.0,-468000.0,BLS monthly series
1982-02-01,90563000.0,,-2000.0,-542000.0,BLS monthly series
1982-03-01,90434000.0,,-129000.0,-776000.0,BLS monthly series
1982-04-01,90150000.0,,-284000.0,-1133000.0,BLS monthly series
1982-05-01,90107000.0,,-43000.0,-1189000.0,BLS monthly series
1982-06-01,89865000.0,,-242000.0,-1625000.0,BLS monthly series
1982-07-01,89521000.0,,-344000.0,-2080000.0,BLS monthly series
1982-08-01,89363000.0,,-158000.0,-2202000.0,BLS monthly series
1982-09-01,89183000.0,,-180000.0,-2294000.0,BLS monthly series
1982-10-01,88907000.0,,-276000.0,-2473000.0,BLS monthly series
1982-11-01,88786000.0,,-121000.0,-2385000.0,BLS monthly series
1982-12-01,88771000.0,,-15000.0,-2124000.0,BLS monthly series
1983-01-01,88990000.0,,219000.0,-1575000.0,BLS monthly series
1983-02-01,88917000.0,,-73000.0,-1646000.0,BLS monthly series
1983-03-01,89090000.0,,173000.0,-1344000.0,BLS monthly series
1983-04-01,89364000.0,,274000.0,-786000.0,BLS monthly series
1983-05-01,89644000.0,,280000.0,-463000.0,BLS monthly series
1983-06-01,90021000.0,,377000.0,156000.0,BLS monthly series
1983-07-01,90437000.0,,416000.0,916000.0,BLS monthly series
1983-08-01,90129000.0,,-308000.0,766000.0,BLS monthly series
1983-09-01,91247000.0,,1118000.0,2064000.0,BLS monthly series
1983-10-01,91520000.0,,273000.0,2613000.0,BLS monthly series
1983-11-01,91875000.0,,355000.0,3089000.0,BLS monthly series
1983-12-01,92230000.0,,355000.0,3459000.0,BLS monthly series
1984-01-01,92673000.0,,443000.0,3683000.0,BLS monthly series
1984-02-01,93157000.0,,484000.0,4240000.0,BLS monthly series
1984-03-01,93429000.0,,272000.0,4339000.0,BLS monthly series
1984-04-01,93792000.0,,363000.0,4428000.0,BLS monthly series
1984-05-01,94098000.0,,306000.0,4454000.0,BLS monthly series
1984-06-01,94479000.0,,381000.0,4458000.0,BLS monthly series
1984-07-01,94789000.0,,310000.0,4352000.0,BLS monthly series
1984-08-01,95032000.0,,243000.0,4903000.0,BLS monthly series
1984-09-01,95344000.0,,312000.0,4097000.0,BLS monthly series
1984-10-01,95629000.0,,285000.0,4109000.0,BLS monthly series
1984-11-01,95982000.0,,353000.0,4107000.0,BLS monthly series
1984-12-01,96107000.0,,125000.0,3877000.0,BLS monthly series
1985-01-01,96372000.0,,265000.0,3699000.0,BLS monthly series
1985-02-01,96503000.0,,131000.0,3346000.0,BLS monthly series
1985-03-01,96842000.0,,339000.0,3413000.0,BLS monthly series
1985-04-01,97038000.0,,196000.0,3246000.0,BLS monthly series
1985-05-01,97312000.0,,274000.0,3214000.0,BLS monthly series
1985-06-01,97459000.0,,147000.0,2980000.0,BLS monthly series
1985-07-01,97648000.0,,189000.0,2859000.0,BLS monthly series
1985-08-01,97840000.0,,192000.0,2808000.0,BLS monthly series
1985-09-01,98045000.0,,205000.0,2701000.0,BLS monthly series
1985-10-01,98233000.0,,188000.0,2604000.0,BLS monthly series
1985-11-01,98443000.0,,210000.0,2461000.0,BLS monthly series
1985-12-01,98609000.0,,166000.0,2502000.0,BLS monthly series
1986-01-01,98732000.0,,123000.0,2360000.0,BLS monthly series
1986-02-01,98847000.0,,115000.0,2344000.0,BLS monthly series
1986-03-01,98934000.0,,87000.0,2092000.0,BLS monthly series
1986-04-01,99121000.0,,187000.0,2083000.0,BLS monthly series
1986-05-01,99248000.0,,127000.0,1936000.0,BLS monthly series
1986-06-01,99155000.0,,-93000.0,1696000.0,BLS monthly series
1986-07-01,99473000.0,,318000.0,1825000.0,BLS monthly series
1986-08-01,99588000.0,,115000.0,1748000.0,BLS monthly series
1986-09-01,99934000.0,,346000.0,1889000.0,BLS monthly series
1986-10-01,100121000.0,,187000.0,1888000.0,BLS monthly series
1986-11-01,100308000.0,,187000.0,1865000.0,BLS monthly series
1986-12-01,100509000.0,,201000.0,1900000.0,BLS monthly series
1987-01-01,100678000.0,,169000.0,1946000.0,BLS monthly series
1987-02-01,100919000.0,,241000.0,2072000.0,BLS monthly series
1987-03-01,101164000.0,,245000.0,2230000.0,BLS monthly series
1987-04-01,101499000.0,,335000.0,2378000.0,BLS monthly series
1987-05-01,101728000.0,,229000.0,2480000.0,BLS monthly series
1987-06-01,101900000.0,,172000.0,2745000.0,BLS monthly series
1987-07-01,102247000.0,,347000.0,2774000.0,BLS monthly series
1987-08-01,102420000.0,,173000.0,2832000.0,BLS monthly series
1987-09-01,102647000.0,,227000.0,2713000.0,BLS monthly series
1987-10-01,103138000.0,,491000.0,3017000.0,BLS monthly series
1987-11-01,103372000.0,,234000.0,3064000.0,BLS monthly series
1987-12-01,103661000.0,,289000.0,3152000.0,BLS monthly series
1988-01-01,103753000.0,,92000.0,3075000.0,BLS monthly series
1988-02-01,104214000.0,,461000.0,3295000.0,BLS monthly series
1988-03-01,104489000.0,,275000.0,3325000.0,BLS monthly series
1988-04-01,104732000.0,,243000.0,3233000.0,BLS monthly series
1988-05-01,104962000.0,,230000.0,3234000.0,BLS monthly series
1988-06-01,105326000.0,,364000.0,3426000.0,BLS monthly series
1988-07-01,105550000.0,,224000.0,3303000.0,BLS monthly series
1988-08-01,105674000.0,,124000.0,3254000.0,BLS monthly series
1988-09-01,106013000.0,,339000.0,3366000.0,BLS monthly series
1988-10-01,106276000.0,,263000.0,3138000.0,BLS monthly series
1988-11-01,106617000.0,,341000.0,3245000.0,BLS monthly series
1988-12-01,106898000.0,,281000.0,3237000.0,BLS monthly series
1989-01-01,107161000.0,,263000.0,3408000.0,BLS monthly series
1989-02-01,107427000.0,,266000.0,3213000.0,BLS monthly series
1989-03-01,107621000.0,,194000.0,3132000.0,BLS monthly series
1989-04-01,107791000.0,,170000.0,3059000.0,BLS monthly series
1989-05-01,107913000.0,,122000.0,2951000.0,BLS monthly series
1989-06-01,108027000.0,,114000.0,2701000.0,BLS monthly series
1989-07-01,108069000.0,,42000.0,2519000.0,BLS monthly series
1989-08-01,108120000.0,,51000.0,2446000.0,BLS monthly series
1989-09-01,108369000.0,,249000.0,2356000.0,BLS monthly series
1989-10-01,108476000.0,,107000.0,2200000.0,BLS monthly series
1989-11-01,108752000.0,,276000.0,2135000.0,BLS monthly series
1989-12-01,108836000.0,,84000.0,1938000.0,BLS monthly series
1990-01-01,109189000.0,,353000.0,2028000.0,BLS monthly series
1990-02-01,109432000.0,,243000.0,2005000.0,BLS monthly series
1990-03-01,109637000.0,,205000.0,2016000.0,BLS monthly series
1990-04-01,109671000.0,,34000.0,1880000.0,BLS monthly series
1990-05-01,109834000.0,,163000.0,1921000.0,BLS monthly series
1990-06-01,109857000.0,,23000.0,1830000.0,BLS monthly series
1990-07-01,109822000.0,,-35000.0,1753000.0,BLS monthly series
1990-08-01,109610000.0,,-212000.0,1490000.0,BLS monthly series
1990-09-01,109520000.0,,-90000.0,1151000.0,BLS monthly series
1990-10-01,109374000.0,,-146000.0,898000.0,BLS monthly series
1990-11-01,109220000.0,,-154000.0,468000.0,BLS monthly series
1990-12-01,109168000.0,,-52000.0,332000.0,BLS monthly series
1991-01-01,109051000.0,,-117000.0,-138000.0,BLS monthly series
1991-02-01,108731000.0,,-320000.0,-701000.0,BLS monthly series
1991-03-01,108569000.0,,-162000.0,-1068000.0,BLS monthly series
1991-04-01,108352000.0,,-217000.0,-1319000.0,BLS monthly series
1991-05-01,108250000.0,,-102000.0,-1584000.0,BLS monthly series
1991-06-01,108338000.0,,88000.0,-1519000.0,BLS monthly series
1991-07-01,108290000.0,,-48000.0,-1532000.0,BLS monthly series
1991-08-01,108302000.0,,12000.0,-1308000.0,BLS monthly series
1991-09-01,108333000.0,,31000.0,-1187000.0,BLS monthly series
1991-10-01,108362000.0,,29000.0,-1012000.0,BLS monthly series
1991-11-01,108300000.0,,-62000.0,-920000.0,BLS monthly series
1991-12-01,108330000.0,,30000.0,-838000.0,BLS monthly series
1992-01-01,108367000.0,,37000.0,-684000.0,BLS monthly series
1992-02-01,108312000.0,,-55000.0,-419000.0,BLS monthly series
1992-03-01,108361000.0,,49000.0,-208000.0,BLS monthly series
1992-04-01,108515000.0,,154000.0,163000.0,BLS monthly series
1992-05-01,108648000.0,,133000.0,398000.0,BLS monthly series
1992-06-01,108717000.0,,69000.0,379000.0,BLS monthly series
1992-07-01,108799000.0,,82000.0,509000.0,BLS monthly series
1992-08-01,108923000.0,,124000.0,621000.0,BLS monthly series
1992-09-01,108954000.0,,31000.0,621000.0,BLS monthly series
1992-10-01,109135000.0,,181000.0,773000.0,BLS monthly series
1992-11-01,109280000.0,,145000.0,980000.0,BLS monthly series
1992-12-01,109500000.0,,220000.0,1170000.0,BLS monthly series
1993-01-01,109795000.0,,295000.0,1428000.0,BLS monthly series
1993-02-01,110044000.0,,249000.0,1732000.0,BLS monthly series
1993-03-01,109992000.0,,-52000.0,1631000.0,BLS monthly series
1993-04-01,110295000.0,,303000.0,1780000.0,BLS monthly series
1993-05-01,110570000.0,,275000.0,1922000.0,BLS monthly series
1993-06-01,110751000.0,,181000.0,2034000.0,BLS monthly series
1993-07-01,111060000.0,,309000.0,2261000.0,BLS monthly series
1993-08-01,111209000.0,,149000.0,2286000.0,BLS monthly series
1993-09-01,111454000.0,,245000.0,2500000.0,BLS monthly series
1993-10-01,111734000.0,,280000.0,2599000.0,BLS monthly series
1993-11-01,111990000.0,,256000.0,2710000.0,BLS monthly series
1993-12-01,112324000.0,,334000.0,2824000.0,BLS monthly series
1994-01-01,112598000.0,,274000.0,2803000.0,BLS monthly series
1994-02-01,112779000.0,,181000.0,2735000.0,BLS monthly series
1994-03-01,113240000.0,,461000.0,3248000.0,BLS monthly series
1994-04-01,113587000.0,,347000.0,3292000.0,BLS monthly series
1994-05-01,113923000.0,,336000.0,3353000.0,BLS monthly series
1994-06-01,114237000.0,,314000.0,3486000.0,BLS monthly series
1994-07-01,114607000.0,,370000.0,3547000.0,BLS monthly series
1994-08-01,114899000.0,,292000.0,3690000.0,BLS monthly series
1994-09-01,115253000.0,,354000.0,3799000.0,BLS monthly series
1994-10-01,115458000.0,,205000.0,3724000.0,BLS monthly series
1994-11-01,115873000.0,,415000.0,3883000.0,BLS monthly series
1994-12-01,116176000.0,,303000.0,3852000.0,BLS monthly series
1995-01-01,116504000.0,,328000.0,3906000.0,BLS monthly series
1995-02-01,116693000.0,,189000.0,3914000.0,BLS monthly series
1995-03-01,116907000.0,,214000.0,3667000.0,BLS monthly series
1995-04-01,117065000.0,,158000.0,3478000.0,BLS monthly series
1995-05-01,117050000.0,,-15000.0,3127000.0,BLS monthly series
1995-06-01,117286000.0,,236000.0,3049000.0,BLS monthly series
1995-07-01,117377000.0,,91000.0,2770000.0,BLS monthly series
1995-08-01,117639000.0,,262000.0,2740000.0,BLS monthly series
1995-09-01,117880000.0,,241000.0,2627000.0,BLS monthly series
1995-10-01,118029000.0,,149000.0,2571000.0,BLS monthly series
1995-11-01,118168000.0,,139000.0,2295000.0,BLS monthly series
1995-12-01,118325000.0,,157000.0,2149000.0,BLS monthly series
1996-01-01,118318000.0,,-7000.0,1814000.0,BLS monthly series
1996-02-01,118734000.0,,416000.0,2041000.0,BLS monthly series
1996-03-01,118990000.0,,256000.0,2083000.0,BLS monthly series
1996-04-01,119156000.0,,166000.0,2091000.0,BLS monthly series
1996-05-01,119489000.0,,333000.0,2439000.0,BLS monthly series
1996-06-01,119770000.0,,281000.0,2484000.0,BLS monthly series
1996-07-01,120016000.0,,246000.0,2639000.0,BLS monthly series
1996-08-01,120201000.0,,185000.0,2562000.0,BLS monthly series
1996-09-01,120402000.0,,201000.0,2522000.0,BLS monthly series
1996-10-01,120663000.0,,261000.0,2634000.0,BLS monthly series
1996-11-01,120949000.0,,286000.0,2781000.0,BLS monthly series
1996-12-01,121145000.0,,196000.0,2820000.0,BLS monthly series
1997-01-01,121363000.0,,218000.0,3045000.0,BLS monthly series
1997-02-01,121675000.0,,312000.0,2941000.0,BLS monthly series
1997-03-01,121989000.0,,314000.0,2999000.0,BLS monthly series
1997-04-01,122284000.0,,295000.0,3128000.0,BLS monthly series
1997-05-01,122551000.0,,267000.0,3062000.0,BLS monthly series
1997-06-01,122816000.0,,265000.0,3046000.0,BLS monthly series
1997-07-01,123112000.0,,296000.0,3096000.0,BLS monthly series
1997-08-01,123092000.0,,-20000.0,2891000.0,BLS monthly series
1997-09-01,123577000.0,,485000.0,3175000.0,BLS monthly series
1997-10-01,123923000.0,,346000.0,3260000.0,BLS monthly series
1997-11-01,124230000.0,,307000.0,3281000.0,BLS monthly series
1997-12-01,124551000.0,,321000.0,3406000.0,BLS monthly series
1998-01-01,124813000.0,,262000.0,3450000.0,BLS monthly series
1998-02-01,125018000.0,,205000.0,3343000.0,BLS monthly series
1998-03-01,125164000.0,,146000.0,3175000.0,BLS monthly series
1998-04-01,125445000.0,,281000.0,3161000.0,BLS monthly series
1998-05-01,125846000.0,,401000.0,3295000.0,BLS monthly series
1998-06-01,126077000.0,,231000.0,3261000.0,BLS monthly series
1998-07-01,126209000.0,,132000.0,3097000.0,BLS monthly series
1998-08-01,126547000.0,,338000.0,3455000.0,BLS monthly series
1998-09-01,126745000.0,,198000.0,3168000.0,BLS monthly series
1998-10-01,126950000.0,,205000.0,3027000.0,BLS monthly series
1998-11-01,127225000.0,,275000.0,2995000.0,BLS monthly series
1998-12-01,127598000.0,,373000.0,3047000.0,BLS monthly series
1999-01-01,127704000.0,,106000.0,2891000.0,BLS monthly series
1999-02-01,128118000.0,,414000.0,3100000.0,BLS monthly series
1999-03-01,128233000.0,,115000.0,3069000.0,BLS monthly series
1999-04-01,128595000.0,,362000.0,3150000.0,BLS monthly series
1999-05-01,128810000.0,,215000.0,2964000.0,BLS monthly series
1999-06-01,129088000.0,,278000.0,3011000.0,BLS monthly series
1999-07-01,129423000.0,,335000.0,3214000.0,BLS monthly series
1999-08-01,129569000.0,,146000.0,3022000.0,BLS monthly series
1999-09-01,129781000.0,,212000.0,3036000.0,BLS monthly series
1999-10-01,130179000.0,,398000.0,3229000.0,BLS monthly series
1999-11-01,130467000.0,,288000.0,3242000.0,BLS monthly series
1999-12-01,130781000.0,,314000.0,3183000.0,BLS monthly series
2000-01-01,131009000.0,,228000.0,3305000.0,BLS monthly series
2000-02-01,131120000.0,,111000.0,3002000.0,BLS monthly series
2000-03-01,131604000.0,,484000.0,3371000.0,BLS monthly series
2000-04-01,131883000.0,,279000.0,3288000.0,BLS monthly series
2000-05-01,132106000.0,,223000.0,3296000.0,BLS monthly series
2000-06-01,132060000.0,,-46000.0,2972000.0,BLS monthly series
2000-07-01,132228000.0,,168000.0,2805000.0,BLS monthly series
2000-08-01,132231000.0,,3000.0,2662000.0,BLS monthly series
2000-09-01,132357000.0,,126000.0,2576000.0,BLS monthly series
2000-10-01,132352000.0,,-5000.0,2173000.0,BLS monthly series
2000-11-01,132553000.0,,201000.0,2086000.0,BLS monthly series
2000-12-01,132718000.0,,165000.0,1937000.0,BLS monthly series
2001-01-01,132699000.0,,-19000.0,1690000.0,BLS monthly series
2001-02-01,132786000.0,,87000.0,1666000.0,BLS monthly series
2001-03-01,132751000.0,,-35000.0,1147000.0,BLS monthly series
2001-04-01,132455000.0,,-296000.0,572000.0,BLS monthly series
2001-05-01,132411000.0,,-44000.0,305000.0,BLS monthly series
2001-06-01,132296000.0,,-115000.0,236000.0,BLS monthly series
2001-07-01,132173000.0,,-123000.0,-55000.0,BLS monthly series
2001-08-01,132024000.0,,-149000.0,-207000.0,BLS monthly series
2001-09-01,131765000.0,,-259000.0,-592000.0,BLS monthly series
2001-10-01,131452000.0,,-313000.0,-900000.0,BLS monthly series
2001-11-01,131141000.0,,-311000.0,-1412000.0,BLS monthly series
2001-12-01,130984000.0,,-157000.0,-1734000.0,BLS monthly series
2002-01-01,130853000.0,,-131000.0,-1846000.0,BLS monthly series
2002-02-01,130732000.0,,-121000.0,-2054000.0,BLS monthly series
2002-03-01,130720000.0,,-12000.0,-2031000.0,BLS monthly series
2002-04-01,130616000.0,,-104000.0,-1839000.0,BLS monthly series
2002-05-01,130632000.0,,16000.0,-1779000.0,BLS monthly series
2002-06-01,130682000.0,,50000.0,-1614000.0,BLS monthly series
2002-07-01,130585000.0,,-97000.0,-1588000.0,BLS monthly series
2002-08-01,130587000.0,,2000.0,-1437000.0,BLS monthly series
2002-09-01,130498000.0,,-89000.0,-1267000.0,BLS monthly series
2002-10-01,130621000.0,,123000.0,-831000.0,BLS monthly series
2002-11-01,130617000.0,,-4000.0,-524000.0,BLS monthly series
2002-12-01,130469000.0,,-148000.0,-515000.0,BLS monthly series
2003-01-01,130580000.0,,111000.0,-273000.0,BLS monthly series
2003-02-01,130443000.0,,-137000.0,-289000.0,BLS monthly series
2003-03-01,130232000.0,,-211000.0,-488000.0,BLS monthly series
2003-04-01,130176000.0,,-56000.0,-440000.0,BLS monthly series
2003-05-01,130196000.0,,20000.0,-436000.0,BLS monthly series
2003-06-01,130192000.0,,-4000.0,-490000.0,BLS monthly series
2003-07-01,130184000.0,,-8000.0,-401000.0,BLS monthly series
2003-08-01,130153000.0,,-31000.0,-434000.0,BLS monthly series
2003-09-01,130252000.0,,99000.0,-246000.0,BLS monthly series
2003-10-01,130439000.0,,187000.0,-182000.0,BLS monthly series
2003-11-01,130482000.0,,43000.0,-135000.0,BLS monthly series
2003-12-01,130594000.0,,112000.0,125000.0,BLS monthly series
2004-01-01,130766000.0,,172000.0,186000.0,BLS monthly series
2004-02-01,130822000.0,,56000.0,379000.0,BLS monthly series
2004-03-01,131139000.0,,317000.0,907000.0,BLS monthly series
2004-04-01,131409000.0,,270000.0,1233000.0,BLS monthly series
2004-05-01,131693000.0,,284000.0,1497000.0,BLS monthly series
2004-06-01,131789000.0,,96000.0,1597000.0,BLS monthly series
2004-07-01,131850000.0,,61000.0,1666000.0,BLS monthly series
2004-08-01,131936000.0,,86000.0,1783000.0,BLS monthly series
2004-09-01,132083000.0,,147000.0,1831000.0,BLS monthly series
2004-10-01,132435000.0,,352000.0,1996000.0,BLS monthly series
2004-11-01,132509000.0,,74000.0,2027000.0,BLS monthly series
2004-12-01,132633000.0,,124000.0,2039000.0,BLS monthly series
2005-01-01,132779000.0,,146000.0,2013000.0,BLS monthly series
2005-02-01,133033000.0,,254000.0,2211000.0,BLS monthly series
2005-03-01,133154000.0,,121000.0,2015000.0,BLS monthly series
2005-04-01,133515000.0,,361000.0,2106000.0,BLS monthly series
2005-05-01,133687000.0,,172000.0,1994000.0,BLS monthly series
2005-06-01,133939000.0,,252000.0,2150000.0,BLS monthly series
2005-07-01,134297000.0,,358000.0,2447000.0,BLS monthly series
2005-08-01,134495000.0,,198000.0,2559000.0,BLS monthly series
2005-09-01,134552000.0,,57000.0,2469000.0,BLS monthly series
2005-10-01,134646000.0,,94000.0,2211000.0,BLS monthly series
2005-11-01,135001000.0,,355000.0,2492000.0,BLS monthly series
2005-12-01,135160000.0,,159000.0,2527000.0,BLS monthly series
2006-01-01,135425000.0,,265000.0,2646000.0,BLS monthly series
2006-02-01,135732000.0,,307000.0,2699000.0,BLS monthly series
2006-03-01,136041000.0,,309000.0,2887000.0,BLS monthly series
2006-04-01,136210000.0,,169000.0,2695000.0,BLS monthly series
2006-05-01,136247000.0,,37000.0,2560000.0,BLS monthly series
2006-06-01,136328000.0,,81000.0,2389000.0,BLS monthly series
2006-07-01,136522000.0,,194000.0,2225000.0,BLS monthly series
2006-08-01,136688000.0,,166000.0,2193000.0,BLS monthly series
2006-09-01,136825000.0,,137000.0,2273000.0,BLS monthly series
2006-10-01,136849000.0,,24000.0,2203000.0,BLS monthly series
2006-11-01,137068000.0,,219000.0,2067000.0,BLS monthly series
2006-12-01,137251000.0,,183000.0,2091000.0,BLS monthly series
2007-01-01,137475000.0,,224000.0,2050000.0,BLS monthly series
2007-02-01,137556000.0,,81000.0,1824000.0,BLS monthly series
2007-03-01,137782000.0,,226000.0,1741000.0,BLS monthly series
2007-04-01,137842000.0,,60000.0,1632000.0,BLS monthly series
2007-05-01,137993000.0,,151000.0,1746000.0,BLS monthly series
2007-06-01,138072000.0,,79000.0,1744000.0,BLS monthly series
2007-07-01,138042000.0,,-30000.0,1520000.0,BLS monthly series
2007-08-01,138017000.0,,-25000.0,1329000.0,BLS monthly series
2007-09-01,138103000.0,,86000.0,1278000.0,BLS monthly series
2007-10-01,138175000.0,,72000.0,1326000.0,BLS monthly series
2007-11-01,138291000.0,,116000.0,1223000.0,BLS monthly series
2007-12-01,138396000.0,,105000.0,1145000.0,BLS monthly series
2008-01-01,138397000.0,,1000.0,922000.0,BLS monthly series
2008-02-01,138326000.0,,-71000.0,770000.0,BLS monthly series
2008-03-01,138256000.0,,-70000.0,474000.0,BLS monthly series
2008-04-01,138037000.0,,-219000.0,195000.0,BLS monthly series
2008-05-01,137847000.0,,-190000.0,-146000.0,BLS monthly series
2008-06-01,137689000.0,,-158000.0,-383000.0,BLS monthly series
2008-07-01,137492000.0,,-197000.0,-550000.0,BLS monthly series
2008-08-01,137209000.0,,-283000.0,-808000.0,BLS monthly series
2008-09-01,136759000.0,,-450000.0,-1344000.0,BLS monthly series
2008-10-01,136294000.0,,-465000.0,-1881000.0,BLS monthly series
2008-11-01,135546000.0,,-748000.0,-2745000.0,BLS monthly series
2008-12-01,134848000.0,,-698000.0,-3548000.0,BLS monthly series
2009-01-01,134066000.0,,-782000.0,-4331000.0,BLS monthly series
2009-02-01,133314000.0,,-752000.0,-5012000.0,BLS monthly series
2009-03-01,132494000.0,,-820000.0,-5762000.0,BLS monthly series
2009-04-01,131825000.0,,-669000.0,-6212000.0,BLS monthly series
2009-05-01,131470000.0,,-355000.0,-6377000.0,BLS monthly series
2009-06-01,131003000.0,,-467000.0,-6686000.0,BLS monthly series
2009-07-01,130661000.0,,-342000.0,-6831000.0,BLS monthly series
2009-08-01,130480000.0,,-181000.0,-6729000.0,BLS monthly series
2009-09-01,130241000.0,,-239000.0,-6518000.0,BLS monthly series
2009-10-01,130061000.0,,-180000.0,-6233000.0,BLS monthly series
2009-11-01,130059000.0,,-2000.0,-5487000.0,BLS monthly series
2009-12-01,129807000.0,,-252000.0,-5041000.0,BLS monthly series
2010-01-01,129795000.0,,-12000.0,-4271000.0,BLS monthly series
2010-02-01,129702000.0,,-93000.0,-3612000.0,BLS monthly series
2010-03-01,129865000.0,,163000.0,-2629000.0,BLS monthly series
2010-04-01,130115000.0,,250000.0,-1710000.0,BLS monthly series
2010-05-01,130645000.0,,530000.0,-825000.0,BLS monthly series
2010-06-01,130501000.0,,-144000.0,-502000.0,BLS monthly series
2010-07-01,130420000.0,,-81000.0,-241000.0,BLS monthly series
2010-08-01,130423000.0,,3000.0,-57000.0,BLS monthly series
2010-09-01,130340000.0,,-83000.0,99000.0,BLS monthly series
2010-10-01,130620000.0,,280000.0,559000.0,BLS monthly series
2010-11-01,130754000.0,,134000.0,695000.0,BLS monthly series
2010-12-01,130836000.0,,82000.0,1029000.0,BLS monthly series
2011-01-01,130839000.0,,3000.0,1044000.0,BLS monthly series
2011-02-01,131054000.0,,215000.0,1352000.0,BLS monthly series
2011-03-01,131278000.0,,224000.0,1413000.0,BLS monthly series
2011-04-01,131604000.0,,326000.0,1489000.0,BLS monthly series
2011-05-01,131704000.0,,100000.0,1059000.0,BLS monthly series
2011-06-01,131936000.0,,232000.0,1435000.0,BLS monthly series
2011-07-01,131992000.0,,56000.0,1572000.0,BLS monthly series
2011-08-01,132123000.0,,131000.0,1700000.0,BLS monthly series
2011-09-01,132346000.0,,223000.0,2006000.0,BLS monthly series
2011-10-01,132557000.0,,211000.0,1937000.0,BLS monthly series
2011-11-01,132701000.0,,144000.0,1947000.0,BLS monthly series
2011-12-01,132902000.0,,201000.0,2066000.0,BLS monthly series
2012-01-01,133243000.0,,341000.0,2404000.0,BLS monthly series
2012-02-01,133521000.0,,278000.0,2467000.0,BLS monthly series
2012-03-01,133745000.0,,224000.0,2467000.0,BLS monthly series
2012-04-01,133828000.0,,83000.0,2224000.0,BLS monthly series
2012-05-01,133935000.0,,107000.0,2231000.0,BLS monthly series
2012-06-01,134008000.0,,73000.0,2072000.0,BLS monthly series
2012-07-01,134153000.0,,145000.0,2161000.0,BLS monthly series
2012-08-01,134329000.0,,176000.0,2206000.0,BLS monthly series
2012-09-01,134512000.0,,183000.0,2166000.0,BLS monthly series
2012-10-01,134672000.0,,160000.0,2115000.0,BLS monthly series
2012-11-01,134831000.0,,159000.0,2130000.0,BLS monthly series
2012-12-01,135074000.0,,243000.0,2172000.0,BLS monthly series
2013-01-01,135263000.0,,189000.0,2020000.0,BLS monthly series
2013-02-01,135548000.0,,285000.0,2027000.0,BLS monthly series
2013-03-01,135690000.0,,142000.0,1945000.0,BLS monthly series
2013-04-01,135876000.0,,186000.0,2048000.0,BLS monthly series
2013-05-01,136090000.0,,214000.0,2155000.0,BLS monthly series
2013-06-01,136269000.0,,179000.0,2261000.0,BLS monthly series
2013-07-01,136391000.0,,122000.0,2238000.0,BLS monthly series
2013-08-01,136634000.0,,243000.0,2305000.0,BLS monthly series
2013-09-01,136819000.0,,185000.0,2307000.0,BLS monthly series
2013-10-01,137039000.0,,220000.0,2367000.0,BLS monthly series
2013-11-01,137312000.0,,273000.0,2481000.0,BLS monthly series
2013-12-01,137367000.0,,55000.0,2293000.0,BLS monthly series
2014-01-01,137551000.0,,184000.0,2288000.0,BLS monthly series
2014-02-01,137710000.0,,159000.0,2162000.0,BLS monthly series
2014-03-01,137987000.0,,277000.0,2297000.0,BLS monthly series
2014-04-01,138298000.0,,311000.0,2422000.0,BLS monthly series
2014-05-01,138500000.0,,202000.0,2410000.0,BLS monthly series
2014-06-01,138833000.0,,333000.0,2564000.0,BLS monthly series
2014-07-01,139076000.0,,243000.0,2685000.0,BLS monthly series
2014-08-01,139257000.0,,181000.0,2623000.0,BLS monthly series
2014-09-01,139564000.0,,307000.0,2745000.0,BLS monthly series
2014-10-01,139804000.0,,240000.0,2765000.0,BLS monthly series
2014-11-01,140088000.0,,284000.0,2776000.0,BLS monthly series
2014-12-01,140366000.0,,278000.0,2999000.0,BLS monthly series
2015-01-01,140562000.0,,196000.0,3011000.0,BLS monthly series
2015-02-01,140831000.0,,269000.0,3121000.0,BLS monthly series
2015-03-01,140925000.0,,94000.0,2938000.0,BLS monthly series
2015-04-01,141202000.0,,277000.0,2904000.0,BLS monthly series
2015-05-01,141539000.0,,337000.0,3039000.0,BLS monthly series
2015-06-01,141695000.0,,156000.0,2862000.0,BLS monthly series
2015-07-01,141989000.0,,294000.0,2913000.0,BLS monthly series
2015-08-01,142130000.0,,141000.0,2873000.0,BLS monthly series
2015-09-01,142265000.0,,135000.0,2701000.0,BLS monthly series
2015-10-01,142584000.0,,319000.0,2780000.0,BLS monthly series
2015-11-01,142810000.0,,226000.0,2722000.0,BLS monthly series
2015-12-01,143083000.0,,273000.0,2717000.0,BLS monthly series
2016-01-01,143196000.0,,113000.0,2634000.0,BLS monthly series
2016-02-01,143411000.0,,215000.0,2580000.0,BLS monthly series
2016-03-01,143666000.0,,255000.0,2741000.0,BLS monthly series
2016-04-01,143856000.0,,190000.0,2654000.0,BLS monthly series
2016-05-01,143901000.0,,45000.0,2362000.0,BLS monthly series
2016-06-01,144152000.0,,251000.0,2457000.0,BLS monthly series
2016-07-01,144515000.0,,363000.0,2526000.0,BLS monthly series
2016-08-01,144664000.0,,149000.0,2534000.0,BLS monthly series
2016-09-01,144961000.0,,297000.0,2696000.0,BLS monthly series
2016-10-01,145069000.0,,108000.0,2485000.0,BLS monthly series
2016-11-01,145188000.0,,119000.0,2378000.0,BLS monthly series
2016-12-01,145410000.0,,222000.0,2327000.0,BLS monthly series
2017-01-01,145636000.0,,226000.0,2440000.0,BLS monthly series
2017-02-01,145848000.0,,212000.0,2437000.0,BLS monthly series
2017-03-01,145976000.0,,128000.0,2310000.0,BLS monthly series
2017-04-01,146173000.0,,197000.0,2317000.0,BLS monthly series
2017-05-01,146389000.0,,216000.0,2488000.0,BLS monthly series
2017-06-01,146588000.0,,199000.0,2436000.0,BLS monthly series
2017-07-01,146772000.0,,184000.0,2257000.0,BLS monthly series
2017-08-01,146907000.0,,135000.0,2243000.0,BLS monthly series
2017-09-01,146999000.0,,92000.0,2038000.0,BLS monthly series
2017-10-01,147146000.0,,147000.0,2077000.0,BLS monthly series
2017-11-01,147375000.0,,229000.0,2187000.0,BLS monthly series
2017-12-01,147521000.0,,146000.0,2111000.0,BLS monthly series
2018-01-01,147667000.0,,146000.0,2031000.0,BLS monthly series
2018-02-01,148054000.0,,387000.0,2206000.0,BLS monthly series
2018-03-01,148280000.0,,226000.0,2304000.0,BLS monthly series
2018-04-01,148426000.0,,146000.0,2253000.0,BLS monthly series
2018-05-01,148755000.0,,329000.0,2366000.0,BLS monthly series
2018-06-01,148968000.0,,213000.0,2380000.0,BLS monthly series
2018-07-01,149023000.0,,55000.0,2251000.0,BLS monthly series
2018-08-01,149274000.0,,251000.0,2367000.0,BLS monthly series
2018-09-01,149361000.0,,87000.0,2362000.0,BLS monthly series
2018-10-01,149525000.0,,164000.0,2379000.0,BLS monthly series
2018-11-01,149622000.0,,97000.0,2247000.0,BLS monthly series
2018-12-01,149804000.0,,182000.0,2283000.0,BLS monthly series
2019-01-01,150062000.0,,258000.0,2395000.0,BLS monthly series
2019-02-01,150067000.0,,5000.0,2013000.0,BLS monthly series
2019-03-01,150294000.0,,227000.0,2014000.0,BLS monthly series
2019-04-01,150602000.0,,308000.0,2176000.0,BLS monthly series
2019-05-01,150640000.0,,38000.0,1885000.0,BLS monthly series
2019-06-01,150844000.0,,204000.0,1876000.0,BLS monthly series
2019-07-01,150934000.0,,90000.0,1911000.0,BLS monthly series
2019-08-01,151155000.0,,221000.0,1881000.0,BLS monthly series
2019-09-01,151358000.0,,203000.0,1997000.0,BLS monthly series
2019-10-01,151458000.0,,100000.0,1933000.0,BLS monthly series
2019-11-01,151666000.0,,208000.0,2044000.0,BLS monthly series
2019-12-01,151792000.0,,126000.0,1988000.0,BLS monthly series
2020-01-01,152045000.0,,253000.0,1983000.0,BLS monthly series
2020-02-01,152309000.0,,264000.0,2242000.0,BLS monthly series
2020-03-01,150898000.0,,-1411000.0,604000.0,BLS monthly series
2020-04-01,130421000.0,,-20477000.0,-20181000.0,BLS monthly series
2020-05-01,133040000.0,,2619000.0,-17600000.0,BLS monthly series
2020-06-01,137655000.0,,4615000.0,-13189000.0,BLS monthly series
2020-07-01,139240000.0,,1585000.0,-11694000.0,BLS monthly series
2020-08-01,140774000.0,,1534000.0,-10381000.0,BLS monthly series
2020-09-01,141820000.0,,1046000.0,-9538000.0,BLS monthly series
2020-10-01,142493000.0,,673000.0,-8965000.0,BLS monthly series
2020-11-01,142761000.0,,268000.0,-8905000.0,BLS monthly series
2020-12-01,142518000.0,,-243000.0,-9274000.0,BLS monthly series
2021-01-01,142916000.0,,398000.0,-9129000.0,BLS monthly series
2021-02-01,143443000.0,,527000.0,-8866000.0,BLS monthly series
2021-03-01,144274000.0,,831000.0,-6624000.0,BLS monthly series
2021-04-01,144593000.0,,319000.0,14172000.0,BLS monthly series
2021-05-01,145044000.0,,451000.0,12004000.0,BLS monthly series
2021-06-01,145822000.0,,778000.0,8167000.0,BLS monthly series
2021-07-01,146761000.0,,939000.0,7521000.0,BLS monthly series
2021-08-01,147226000.0,,465000.0,6452000.0,BLS monthly series
2021-09-01,147706000.0,,480000.0,5886000.0,BLS monthly series
2021-10-01,148566000.0,,860000.0,6073000.0,BLS monthly series
2021-11-01,149197000.0,,631000.0,6436000.0,BLS monthly series
2021-12-01,149763000.0,,566000.0,7245000.0,BLS monthly series
2022-01-01,150014000.0,,251000.0,7098000.0,BLS monthly series
2022-02-01,150876000.0,,862000.0,7433000.0,BLS monthly series
2022-03-01,151370000.0,,494000.0,7096000.0,BLS monthly series
2022-04-01,151642000.0,,272000.0,7049000.0,BLS monthly series
2022-05-01,151928000.0,,286000.0,6884000.0,BLS monthly series
2022-06-01,152348000.0,,420000.0,6526000.0,BLS monthly series
2022-07-01,153038000.0,,690000.0,6277000.0,BLS monthly series
2022-08-01,153281000.0,,243000.0,6055000.0,BLS monthly series
2022-09-01,153536000.0,,255000.0,5830000.0,BLS monthly series
2022-10-01,153897000.0,,361000.0,5331000.0,BLS monthly series
2022-11-01,154155000.0,,258000.0,4958000.0,BLS monthly series
2022-12-01,154291000.0,,136000.0,4528000.0,BLS monthly series
2023-01-01,154773000.0,,482000.0,4759000.0,BLS monthly series
2023-02-01,155060000.0,,287000.0,4184000.0,BLS monthly series
2023-03-01,155206000.0,,146000.0,3836000.0,BLS monthly series
2023-04-01,155484000.0,,278000.0,3842000.0,BLS monthly series
2023-05-01,155787000.0,,303000.0,3859000.0,BLS monthly series
2023-06-01,156027000.0,,240000.0,3679000.0,BLS monthly series
2023-07-01,156211000.0,,184000.0,3173000.0,BLS monthly series
2023-08-01,156421000.0,,210000.0,3140000.0,BLS monthly series
2023-09-01,156667000.0,,246000.0,3131000.0,BLS monthly series
2023-10-01,156832000.0,,165000.0,2935000.0,BLS monthly series
2023-11-01,157014000.0,,182000.0,2859000.0,BLS monthly series
2023-12-01,157304000.0,,290000.0,3013000.0,BLS monthly series
2024-01-01,157560000.0,,256000.0,2787000.0,BLS monthly series
2024-02-01,157796000.0,,236000.0,2736000.0,BLS monthly series
2024-03-01,158106000.0,,310000.0,2900000.0,BLS monthly series
2024-04-01,158214000.0,,108000.0,2730000.0,BLS monthly series
2024-05-01,158430000.0,,216000.0,2643000.0,BLS monthly series
2024-06-01,158548000.0,,118000.0,2521000.0,BLS monthly series
2024-07-01,158692000.0,,144000.0,2481000.0,BLS monthly series
2024-08-01,158770000.0,,78000.0,2349000.0,BLS monthly series
2024-09-01,159025000.0,,255000.0,2358000.0,BLS monthly series
2024-10-01,159068000.0,,43000.0,2236000.0,BLS monthly series
2024-11-01,159280000.0,,212000.0,2266000.0,BLS monthly series
2024-12-01,159536000.0,,256000.0,2232000.0,BLS monthly series
