epoch,step,train_loss_epoch,train_loss_step,val_loss_epoch,val_loss_step
,0,,,,42.53302001953125
0,19,,,42.533016204833984,
0,19,49.9578971862793,,,
,1,,,,41.657447814941406
1,39,,,41.657447814941406,
1,39,46.09397506713867,,,
2,49,,39.16183090209961,,
,2,,,,38.43306350708008
2,59,,,38.43306350708008,
2,59,43.276161193847656,,,
,3,,,,41.074214935302734
3,79,,,41.074214935302734,
3,79,41.448280334472656,,,
4,99,,41.260711669921875,,
,4,,,,40.42686080932617
4,99,,,40.42686080932617,
4,99,43.04457092285156,,,
,5,,,,39.950408935546875
5,119,,,39.950408935546875,
5,119,41.4656867980957,,,
,6,,,,39.62308120727539
6,139,,,39.62308120727539,
6,139,42.07783126831055,,,
7,149,,40.39739990234375,,
,7,,,,38.33196258544922
7,159,,,38.33196258544922,
7,159,40.38687515258789,,,
,8,,,,39.40153121948242
8,179,,,39.40153121948242,
8,179,42.502323150634766,,,
9,199,,43.13330841064453,,
,9,,,,40.677616119384766
9,199,,,40.677616119384766,
9,199,41.81306076049805,,,
,10,,,,40.74701690673828
10,219,,,40.74701690673828,
10,219,42.29001235961914,,,
,11,,,,40.08222198486328
11,239,,,40.08222198486328,
11,239,42.361488342285156,,,
12,249,,41.2455940246582,,
,12,,,,39.3212890625
12,259,,,39.3212890625,
12,259,41.78485870361328,,,
,13,,,,39.82056427001953
13,279,,,39.82056427001953,
13,279,41.69755554199219,,,
14,299,,45.63579177856445,,
,14,,,,40.31908416748047
14,299,,,40.31908416748047,
14,299,42.82986831665039,,,
,15,,,,39.358062744140625
15,319,,,39.358062744140625,
15,319,41.97134780883789,,,
,16,,,,39.09925842285156
16,339,,,39.09925842285156,
16,339,41.237144470214844,,,
17,349,,43.12397384643555,,
,17,,,,40.48112487792969
17,359,,,40.48112487792969,
17,359,41.2950325012207,,,
,18,,,,38.45615005493164
18,379,,,38.45615005493164,
18,379,42.95088577270508,,,
19,399,,40.212467193603516,,
,19,,,,40.63126754760742
19,399,,,40.63126754760742,
19,399,42.33366775512695,,,
,20,,,,39.29237747192383
20,419,,,39.29237747192383,
20,419,42.462955474853516,,,
,21,,,,40.073753356933594
21,439,,,40.073753356933594,
21,439,41.377506256103516,,,
22,449,,36.601219177246094,,
,22,,,,39.27547836303711
22,459,,,39.27547836303711,
22,459,41.579158782958984,,,
,23,,,,39.49260330200195
23,479,,,39.49260330200195,
23,479,41.453887939453125,,,
24,499,,41.5876579284668,,
,24,,,,37.32543182373047
24,499,,,37.32543182373047,
24,499,41.83262634277344,,,
,25,,,,38.45956039428711
25,519,,,38.45956039428711,
25,519,41.107913970947266,,,
,26,,,,39.631324768066406
26,539,,,39.631324768066406,
26,539,41.9473991394043,,,
27,549,,39.85234069824219,,
,27,,,,38.423892974853516
27,559,,,38.423892974853516,
27,559,42.53880310058594,,,
,28,,,,39.35646057128906
28,579,,,39.35646057128906,
28,579,43.0888671875,,,
29,599,,43.051170349121094,,
,29,,,,40.28217315673828
29,599,,,40.28217315673828,
29,599,41.73603057861328,,,
,30,,,,39.36886215209961
30,619,,,39.36886215209961,
30,619,40.71818923950195,,,
,31,,,,37.51675796508789
31,639,,,37.51675796508789,
31,639,42.220455169677734,,,
32,649,,41.958221435546875,,
,32,,,,39.37247848510742
32,659,,,39.37247848510742,
32,659,42.042449951171875,,,
,33,,,,38.801570892333984
33,679,,,38.801570892333984,
33,679,41.42170715332031,,,
34,699,,38.48215866088867,,
,34,,,,39.097110748291016
34,699,,,39.097110748291016,
34,699,41.67716979980469,,,
,35,,,,39.89560317993164
35,719,,,39.89560317993164,
35,719,41.40996170043945,,,
,36,,,,39.23363494873047
36,739,,,39.23363494873047,
36,739,41.65692138671875,,,
37,749,,42.18840026855469,,
,37,,,,37.33797073364258
37,759,,,37.33797073364258,
37,759,41.55601119995117,,,
,38,,,,39.71553039550781
38,779,,,39.71553039550781,
38,779,40.701881408691406,,,
39,799,,42.49184799194336,,
,39,,,,38.742305755615234
39,799,,,38.742305755615234,
39,799,41.663238525390625,,,
,40,,,,40.87123489379883
40,819,,,40.87123489379883,
40,819,41.15530776977539,,,
,41,,,,37.893096923828125
41,839,,,37.893096923828125,
41,839,41.86882781982422,,,
42,849,,42.539493560791016,,
,42,,,,39.70402908325195
42,859,,,39.70402908325195,
42,859,41.79785919189453,,,
,43,,,,38.731544494628906
43,879,,,38.731544494628906,
43,879,41.51952362060547,,,
44,899,,40.72755813598633,,
,44,,,,40.163291931152344
44,899,,,40.163291931152344,
44,899,41.53178405761719,,,
,45,,,,39.38881301879883
45,919,,,39.38881301879883,
45,919,42.23777770996094,,,
,46,,,,38.92607116699219
46,939,,,38.92607116699219,
46,939,41.76442337036133,,,
47,949,,38.8604621887207,,
,47,,,,39.8112678527832
47,959,,,39.8112678527832,
47,959,41.62537384033203,,,
,48,,,,43.09122085571289
48,979,,,43.09122085571289,
48,979,42.057064056396484,,,
49,999,,42.654850006103516,,
,49,,,,41.01395797729492
49,999,,,41.01396179199219,
49,999,42.3161506652832,,,
,50,,,,38.009521484375
50,1019,,,38.009521484375,
50,1019,40.8872184753418,,,
,51,,,,39.925254821777344
51,1039,,,39.925254821777344,
51,1039,41.666866302490234,,,
52,1049,,40.408756256103516,,
,52,,,,40.4398078918457
52,1059,,,40.4398078918457,
52,1059,41.674259185791016,,,
,53,,,,39.502342224121094
53,1079,,,39.502342224121094,
53,1079,41.600738525390625,,,
54,1099,,43.6622200012207,,
,54,,,,38.869930267333984
54,1099,,,38.869930267333984,
54,1099,41.463706970214844,,,
,55,,,,36.27796173095703
55,1119,,,36.27796173095703,
55,1119,41.192230224609375,,,
,56,,,,39.914546966552734
56,1139,,,39.914546966552734,
56,1139,41.30533218383789,,,
57,1149,,38.94572067260742,,
,57,,,,37.03288269042969
57,1159,,,37.03288269042969,
57,1159,42.00798797607422,,,
,58,,,,38.36690139770508
58,1179,,,38.36690139770508,
58,1179,41.84181594848633,,,
59,1199,,40.37862777709961,,
,59,,,,39.05525207519531
59,1199,,,39.05525207519531,
59,1199,41.58354568481445,,,
,60,,,,37.78750228881836
60,1219,,,37.78750228881836,
60,1219,41.59284210205078,,,
,61,,,,38.622283935546875
61,1239,,,38.622283935546875,
61,1239,40.72294998168945,,,
62,1249,,40.19594192504883,,
,62,,,,38.170204162597656
62,1259,,,38.170204162597656,
62,1259,41.10127639770508,,,
,63,,,,40.991058349609375
63,1279,,,40.991058349609375,
63,1279,41.71996307373047,,,
64,1299,,42.217567443847656,,
,64,,,,39.31325149536133
64,1299,,,39.31325149536133,
64,1299,41.196773529052734,,,
,65,,,,38.485836029052734
65,1319,,,38.485836029052734,
65,1319,41.607967376708984,,,
,66,,,,37.971736907958984
66,1339,,,37.971736907958984,
66,1339,42.108882904052734,,,
67,1349,,39.5552864074707,,
,67,,,,39.010955810546875
67,1359,,,39.010955810546875,
67,1359,42.3909797668457,,,
,68,,,,39.571144104003906
68,1379,,,39.571144104003906,
68,1379,42.06222152709961,,,
69,1399,,43.10787582397461,,
,69,,,,39.02578353881836
69,1399,,,39.02578353881836,
69,1399,41.291412353515625,,,
,70,,,,38.33301544189453
70,1419,,,38.33301544189453,
70,1419,41.06153869628906,,,
,71,,,,40.17155838012695
71,1439,,,40.17155838012695,
71,1439,41.385921478271484,,,
72,1449,,41.44758605957031,,
,72,,,,40.75908660888672
72,1459,,,40.75908660888672,
72,1459,42.24387741088867,,,
,73,,,,39.15969467163086
73,1479,,,39.15969467163086,
73,1479,41.34008026123047,,,
74,1499,,39.45234680175781,,
,74,,,,38.49844741821289
74,1499,,,38.49844741821289,
74,1499,42.06489181518555,,,
,75,,,,37.58078384399414
75,1519,,,37.58078384399414,
75,1519,41.006595611572266,,,
,76,,,,39.99064254760742
76,1539,,,39.99064254760742,
76,1539,41.24502182006836,,,
77,1549,,39.51557922363281,,
,77,,,,40.714420318603516
77,1559,,,40.714420318603516,
77,1559,41.06772232055664,,,
,78,,,,39.1948127746582
78,1579,,,39.1948127746582,
78,1579,41.84929656982422,,,
79,1599,,45.232582092285156,,
,79,,,,38.50969314575195
79,1599,,,38.50969314575195,
79,1599,41.896507263183594,,,
,80,,,,40.22935485839844
80,1619,,,40.22935485839844,
80,1619,41.01651382446289,,,
,81,,,,38.05975341796875
81,1639,,,38.05975341796875,
81,1639,41.36575698852539,,,
82,1649,,38.17009353637695,,
,82,,,,37.95346450805664
82,1659,,,37.95346450805664,
82,1659,41.46242904663086,,,
,83,,,,38.67594528198242
83,1679,,,38.67594528198242,
83,1679,41.548851013183594,,,
84,1699,,36.11665725708008,,
,84,,,,39.56305694580078
84,1699,,,39.56305694580078,
84,1699,41.31412124633789,,,
,85,,,,38.744361877441406
85,1719,,,38.744361877441406,
85,1719,42.36161422729492,,,
,86,,,,39.20415115356445
86,1739,,,39.20415115356445,
86,1739,41.70907974243164,,,
87,1749,,37.68963623046875,,
,87,,,,38.327213287353516
87,1759,,,38.327213287353516,
87,1759,42.039161682128906,,,
,88,,,,40.27052688598633
88,1779,,,40.27052688598633,
88,1779,40.95927810668945,,,
89,1799,,41.17726135253906,,
,89,,,,39.4616584777832
89,1799,,,39.4616584777832,
89,1799,42.02449035644531,,,
,90,,,,41.368988037109375
90,1819,,,41.368988037109375,
90,1819,40.93268585205078,,,
,91,,,,39.66039276123047
91,1839,,,39.66039276123047,
91,1839,40.6287956237793,,,
92,1849,,42.635528564453125,,
,92,,,,38.23603439331055
92,1859,,,38.23603439331055,
92,1859,41.19778060913086,,,
,93,,,,39.18790054321289
93,1879,,,39.18790054321289,
93,1879,42.10707473754883,,,
94,1899,,41.892913818359375,,
,94,,,,38.795875549316406
94,1899,,,38.795875549316406,
94,1899,41.54124450683594,,,
,95,,,,39.148681640625
95,1919,,,39.148681640625,
95,1919,41.62157440185547,,,
,96,,,,39.20005798339844
96,1939,,,39.20005798339844,
96,1939,41.56034851074219,,,
97,1949,,42.31170654296875,,
,97,,,,39.283329010009766
97,1959,,,39.283329010009766,
97,1959,40.46665573120117,,,
,98,,,,40.70146179199219
98,1979,,,40.70146179199219,
98,1979,42.677818298339844,,,
99,1999,,40.312095642089844,,
,99,,,,37.99403381347656
99,1999,,,37.99403381347656,
99,1999,41.36039733886719,,,
,100,,,,37.321414947509766
100,2019,,,37.321414947509766,
100,2019,40.57924270629883,,,
,101,,,,37.843048095703125
101,2039,,,37.843048095703125,
101,2039,41.66188430786133,,,
102,2049,,44.61368179321289,,
,102,,,,40.41551971435547
102,2059,,,40.41551971435547,
102,2059,41.21859359741211,,,
,103,,,,38.761173248291016
103,2079,,,38.761173248291016,
103,2079,40.934322357177734,,,
104,2099,,44.61024475097656,,
,104,,,,38.87808609008789
104,2099,,,38.87808609008789,
104,2099,41.66572570800781,,,
,105,,,,38.43009948730469
105,2119,,,38.43009948730469,
105,2119,40.4450569152832,,,
,106,,,,40.67018508911133
106,2139,,,40.67018508911133,
106,2139,40.89201736450195,,,
107,2149,,45.66456985473633,,
,107,,,,39.02302551269531
107,2159,,,39.02302551269531,
107,2159,41.45531463623047,,,
,108,,,,39.857276916503906
108,2179,,,39.857276916503906,
108,2179,40.65459060668945,,,
109,2199,,42.424808502197266,,
,109,,,,38.05583572387695
109,2199,,,38.05583572387695,
109,2199,40.894142150878906,,,
,110,,,,37.74897003173828
110,2219,,,37.74897003173828,
110,2219,41.15481948852539,,,
,111,,,,39.02861022949219
111,2239,,,39.02861022949219,
111,2239,41.376888275146484,,,
112,2249,,44.421539306640625,,
,112,,,,39.04330062866211
112,2259,,,39.04330062866211,
112,2259,40.037017822265625,,,
,113,,,,39.81536102294922
113,2279,,,39.81536102294922,
113,2279,40.809288024902344,,,
114,2299,,35.28330612182617,,
,114,,,,37.654300689697266
114,2299,,,37.654300689697266,
114,2299,41.254173278808594,,,
,115,,,,38.075679779052734
115,2319,,,38.075679779052734,
115,2319,41.35242462158203,,,
,116,,,,39.485626220703125
116,2339,,,39.485626220703125,
116,2339,40.30446243286133,,,
117,2349,,43.22488021850586,,
,117,,,,38.30247116088867
117,2359,,,38.30247116088867,
117,2359,41.807064056396484,,,
,118,,,,39.6085319519043
118,2379,,,39.6085319519043,
118,2379,40.8465690612793,,,
119,2399,,43.62476348876953,,
,119,,,,37.59347152709961
119,2399,,,37.59347152709961,
119,2399,40.954402923583984,,,
,120,,,,38.66309356689453
120,2419,,,38.66309356689453,
120,2419,41.491241455078125,,,
,121,,,,35.53531265258789
121,2439,,,35.53531265258789,
121,2439,41.402042388916016,,,
122,2449,,42.48109436035156,,
,122,,,,38.46283721923828
122,2459,,,38.46283721923828,
122,2459,40.448455810546875,,,
,123,,,,39.178775787353516
123,2479,,,39.178775787353516,
123,2479,40.61024856567383,,,
124,2499,,39.455509185791016,,
,124,,,,38.34501647949219
124,2499,,,38.34501647949219,
124,2499,40.579654693603516,,,
,125,,,,39.40003967285156
125,2519,,,39.40003967285156,
125,2519,41.22154998779297,,,
,126,,,,40.77949523925781
126,2539,,,40.77949523925781,
126,2539,40.86261749267578,,,
127,2549,,43.25071334838867,,
,127,,,,39.08811950683594
127,2559,,,39.08811950683594,
127,2559,41.59660339355469,,,
,128,,,,37.15425109863281
128,2579,,,37.15425109863281,
128,2579,41.59229278564453,,,
129,2599,,40.786800384521484,,
,129,,,,38.59206771850586
129,2599,,,38.59206771850586,
129,2599,41.34147644042969,,,
,130,,,,38.35890197753906
130,2619,,,38.35890197753906,
130,2619,41.72652053833008,,,
,131,,,,38.3443489074707
131,2639,,,38.3443489074707,
131,2639,40.901126861572266,,,
132,2649,,42.72224807739258,,
,132,,,,37.36677932739258
132,2659,,,37.36677932739258,
132,2659,40.878719329833984,,,
,133,,,,38.212181091308594
133,2679,,,38.212181091308594,
133,2679,40.888023376464844,,,
134,2699,,33.54926300048828,,
,134,,,,38.688018798828125
134,2699,,,38.688018798828125,
134,2699,40.48665237426758,,,
,135,,,,39.566104888916016
135,2719,,,39.566104888916016,
135,2719,40.76198959350586,,,
,136,,,,39.06783676147461
136,2739,,,39.06783676147461,
136,2739,42.14616775512695,,,
137,2749,,35.67391586303711,,
,137,,,,36.359657287597656
137,2759,,,36.359657287597656,
137,2759,40.877323150634766,,,
,138,,,,8.90796947479248
138,2779,,,8.90796947479248,
138,2779,41.62371063232422,,,
139,2799,,39.06092834472656,,
,139,,,,38.5104866027832
139,2799,,,38.5104866027832,
139,2799,41.797977447509766,,,
,140,,,,42.306053161621094
140,2819,,,42.306053161621094,
140,2819,41.61984634399414,,,
,141,,,,40.32160186767578
141,2839,,,40.32160186767578,
141,2839,42.212398529052734,,,
142,2849,,42.6038932800293,,
,142,,,,38.80754852294922
142,2859,,,38.80754852294922,
142,2859,41.14447021484375,,,
,143,,,,39.0948600769043
143,2879,,,39.0948600769043,
143,2879,40.966712951660156,,,
144,2899,,41.271121978759766,,
,144,,,,39.51144027709961
144,2899,,,39.51144027709961,
144,2899,40.594112396240234,,,
,145,,,,38.76442337036133
145,2919,,,38.76442337036133,
145,2919,41.01250457763672,,,
,146,,,,40.854339599609375
146,2939,,,40.854339599609375,
146,2939,39.361000061035156,,,
147,2949,,40.49530792236328,,
,147,,,,40.400054931640625
147,2959,,,40.400054931640625,
147,2959,42.85560607910156,,,
,148,,,,39.85066223144531
148,2979,,,39.85066223144531,
148,2979,41.371891021728516,,,
149,2999,,39.144630432128906,,
,149,,,,39.168861389160156
149,2999,,,39.168861389160156,
149,2999,41.155765533447266,,,
,150,,,,37.9235954284668
150,3019,,,37.9235954284668,
150,3019,42.21464157104492,,,
,151,,,,41.211952209472656
151,3039,,,41.211952209472656,
151,3039,40.9141845703125,,,
152,3049,,41.949241638183594,,
,152,,,,39.626766204833984
152,3059,,,39.626766204833984,
152,3059,41.48720932006836,,,
,153,,,,39.25033950805664
153,3079,,,39.25033950805664,
153,3079,41.214561462402344,,,
154,3099,,43.78892135620117,,
,154,,,,38.29561233520508
154,3099,,,38.29561233520508,
154,3099,41.10832214355469,,,
,155,,,,37.87293243408203
155,3119,,,37.87293243408203,
155,3119,41.88715744018555,,,
,156,,,,38.439788818359375
156,3139,,,38.439788818359375,
156,3139,41.45006561279297,,,
157,3149,,44.57804870605469,,
,157,,,,39.61676025390625
157,3159,,,39.61676025390625,
157,3159,42.51719665527344,,,
,158,,,,37.13799285888672
158,3179,,,37.13799285888672,
158,3179,40.88292694091797,,,
159,3199,,40.733612060546875,,
,159,,,,39.30277633666992
159,3199,,,39.30277633666992,
159,3199,41.07705307006836,,,
,160,,,,37.76890182495117
160,3219,,,37.76890182495117,
160,3219,41.62148666381836,,,
,161,,,,38.853885650634766
161,3239,,,38.853885650634766,
161,3239,41.65975570678711,,,
162,3249,,41.30101776123047,,
,162,,,,38.18382263183594
162,3259,,,38.18382263183594,
162,3259,41.82579803466797,,,
,163,,,,39.97400665283203
163,3279,,,39.97400665283203,
163,3279,41.900482177734375,,,
164,3299,,41.364784240722656,,
,164,,,,38.42335510253906
164,3299,,,38.42335510253906,
164,3299,40.88983154296875,,,
,165,,,,42.62962341308594
165,3319,,,42.62962341308594,
165,3319,42.416664123535156,,,
,166,,,,37.34648513793945
166,3339,,,37.34648513793945,
166,3339,41.9344367980957,,,
167,3349,,40.358192443847656,,
,167,,,,41.068870544433594
167,3359,,,41.068870544433594,
167,3359,41.74392318725586,,,
,168,,,,38.45633316040039
168,3379,,,38.45633316040039,
168,3379,41.93351745605469,,,
169,3399,,36.18510818481445,,
,169,,,,41.53886032104492
169,3399,,,41.53886413574219,
169,3399,41.97327423095703,,,
,170,,,,38.756324768066406
170,3419,,,38.756324768066406,
170,3419,41.76695251464844,,,
,171,,,,39.412837982177734
171,3439,,,39.412837982177734,
171,3439,40.71793746948242,,,
172,3449,,42.89181137084961,,
,172,,,,39.33314895629883
172,3459,,,39.33314895629883,
172,3459,41.61129379272461,,,
,173,,,,39.62838363647461
173,3479,,,39.62838363647461,
173,3479,41.738067626953125,,,
174,3499,,38.7861442565918,,
,174,,,,38.59614944458008
174,3499,,,38.59614944458008,
174,3499,40.684600830078125,,,
,175,,,,42.131134033203125
175,3519,,,42.131134033203125,
175,3519,41.114532470703125,,,
,176,,,,37.29521942138672
176,3539,,,37.29521942138672,
176,3539,41.10243225097656,,,
177,3549,,41.69345474243164,,
,177,,,,39.0098762512207
177,3559,,,39.0098762512207,
177,3559,42.153175354003906,,,
,178,,,,39.94456481933594
178,3579,,,39.94456481933594,
178,3579,41.1331901550293,,,
179,3599,,41.63120651245117,,
,179,,,,38.95442199707031
179,3599,,,38.95442199707031,
179,3599,40.79185485839844,,,
,180,,,,38.70609664916992
180,3619,,,38.70609664916992,
180,3619,41.8778076171875,,,
,181,,,,38.323387145996094
181,3639,,,38.323387145996094,
181,3639,41.03219223022461,,,
182,3649,,39.45412063598633,,
,182,,,,38.6181526184082
182,3659,,,38.6181526184082,
182,3659,42.158077239990234,,,
,183,,,,39.85800552368164
183,3679,,,39.85800552368164,
183,3679,41.47701644897461,,,
184,3699,,44.445518493652344,,
,184,,,,39.49321365356445
184,3699,,,39.49321365356445,
184,3699,41.53358840942383,,,
,185,,,,41.287689208984375
185,3719,,,41.287689208984375,
185,3719,41.55146408081055,,,
,186,,,,37.88361740112305
186,3739,,,37.88361740112305,
186,3739,41.36973571777344,,,
187,3749,,44.060401916503906,,
,187,,,,41.818992614746094
187,3759,,,41.818992614746094,
187,3759,42.66514587402344,,,
,188,,,,39.25227737426758
188,3779,,,39.25227737426758,
188,3779,43.074729919433594,,,
189,3799,,41.899078369140625,,
,189,,,,36.804359436035156
189,3799,,,36.804359436035156,
189,3799,42.029293060302734,,,
,190,,,,40.32094955444336
190,3819,,,40.32094955444336,
190,3819,41.98511505126953,,,
,191,,,,39.30665969848633
191,3839,,,39.30665969848633,
191,3839,42.0483283996582,,,
192,3849,,45.51227569580078,,
,192,,,,39.65821838378906
192,3859,,,39.65821838378906,
192,3859,42.445220947265625,,,
,193,,,,39.82720947265625
193,3879,,,39.82720947265625,
193,3879,42.04249954223633,,,
194,3899,,44.85114288330078,,
,194,,,,38.70254135131836
194,3899,,,38.70254135131836,
194,3899,41.1151237487793,,,
,195,,,,40.00407409667969
195,3919,,,40.00407409667969,
195,3919,41.56553649902344,,,
,196,,,,43.43953323364258
196,3939,,,43.43952941894531,
196,3939,41.1392822265625,,,
197,3949,,38.94390106201172,,
,197,,,,39.34087371826172
197,3959,,,39.34087371826172,
197,3959,41.08462905883789,,,
,198,,,,38.12073516845703
198,3979,,,38.12073516845703,
198,3979,41.46731948852539,,,
199,3999,,45.14099884033203,,
,199,,,,39.94124221801758
199,3999,,,39.94124221801758,
199,3999,41.484840393066406,,,
,200,,,,38.47908401489258
200,4019,,,38.47908401489258,
200,4019,41.97090148925781,,,
,201,,,,37.48474884033203
201,4039,,,37.48474884033203,
201,4039,41.297393798828125,,,
202,4049,,40.63261032104492,,
,202,,,,39.47246551513672
202,4059,,,39.47246551513672,
202,4059,41.118831634521484,,,
,203,,,,39.10966491699219
203,4079,,,39.10966491699219,
203,4079,41.604583740234375,,,
204,4099,,40.49611282348633,,
,204,,,,39.32381057739258
204,4099,,,39.32381057739258,
204,4099,40.094913482666016,,,
,205,,,,37.42203140258789
205,4119,,,37.42203140258789,
205,4119,41.6899528503418,,,
,206,,,,38.95033645629883
206,4139,,,38.95033645629883,
206,4139,40.936500549316406,,,
207,4149,,37.83473587036133,,
,207,,,,38.85454177856445
207,4159,,,38.85454177856445,
207,4159,41.26622009277344,,,
,208,,,,40.213470458984375
208,4179,,,40.213470458984375,
208,4179,41.00559616088867,,,
209,4199,,44.315025329589844,,
,209,,,,38.71519088745117
209,4199,,,38.71519088745117,
209,4199,41.44529724121094,,,
,210,,,,38.2226676940918
210,4219,,,38.2226676940918,
210,4219,42.0581169128418,,,
,211,,,,40.8966178894043
211,4239,,,40.8966178894043,
211,4239,40.71309280395508,,,
212,4249,,40.98553466796875,,
,212,,,,38.65809631347656
212,4259,,,38.65809631347656,
212,4259,41.191463470458984,,,
,213,,,,38.86294174194336
213,4279,,,38.86294174194336,
213,4279,41.16053771972656,,,
214,4299,,39.8718147277832,,
,214,,,,40.24855041503906
214,4299,,,40.24855041503906,
214,4299,40.650245666503906,,,
,215,,,,40.255672454833984
215,4319,,,40.255672454833984,
215,4319,40.91561508178711,,,
,216,,,,39.10744094848633
216,4339,,,39.10744094848633,
216,4339,40.95598220825195,,,
217,4349,,46.905460357666016,,
,217,,,,38.47649383544922
217,4359,,,38.47649383544922,
217,4359,40.98439407348633,,,
,218,,,,39.3838005065918
218,4379,,,39.3838005065918,
218,4379,41.8944206237793,,,
219,4399,,34.058509826660156,,
,219,,,,37.264305114746094
219,4399,,,37.264305114746094,
219,4399,40.04068374633789,,,
,220,,,,40.07901382446289
220,4419,,,40.07901382446289,
220,4419,40.96891784667969,,,
,221,,,,37.13081741333008
221,4439,,,37.13081741333008,
221,4439,42.475860595703125,,,
222,4449,,42.44596481323242,,
,222,,,,38.4622802734375
222,4459,,,38.4622802734375,
222,4459,41.08768081665039,,,
,223,,,,38.520084381103516
223,4479,,,38.520084381103516,
223,4479,41.59756088256836,,,
224,4499,,42.53791427612305,,
,224,,,,39.31123733520508
224,4499,,,39.31123733520508,
224,4499,41.00527572631836,,,
,225,,,,37.443336486816406
225,4519,,,37.443336486816406,
225,4519,41.27092742919922,,,
,226,,,,40.76324462890625
226,4539,,,40.76324462890625,
226,4539,41.21970748901367,,,
227,4549,,35.21369552612305,,
,227,,,,40.6700325012207
227,4559,,,40.6700325012207,
227,4559,39.079952239990234,,,
,228,,,,39.095645904541016
228,4579,,,39.095645904541016,
228,4579,41.14312744140625,,,
229,4599,,37.7275505065918,,
,229,,,,39.20134353637695
229,4599,,,39.20134353637695,
229,4599,42.29113006591797,,,
,230,,,,38.6807746887207
230,4619,,,38.6807746887207,
230,4619,40.471900939941406,,,
,231,,,,38.199649810791016
231,4639,,,38.199649810791016,
231,4639,41.379817962646484,,,
232,4649,,41.602638244628906,,
,232,,,,37.18812561035156
232,4659,,,37.18812561035156,
232,4659,41.302268981933594,,,
,233,,,,41.464508056640625
233,4679,,,41.464508056640625,
233,4679,40.50469207763672,,,
234,4699,,45.72627639770508,,
,234,,,,41.44164276123047
234,4699,,,41.4416389465332,
234,4699,41.41325759887695,,,
,235,,,,38.036720275878906
235,4719,,,38.036720275878906,
235,4719,41.4429931640625,,,
,236,,,,39.230411529541016
236,4739,,,39.230411529541016,
236,4739,40.829010009765625,,,
237,4749,,40.43264389038086,,
,237,,,,39.95005416870117
237,4759,,,39.95005416870117,
237,4759,41.37907028198242,,,
,238,,,,39.485008239746094
238,4779,,,39.485008239746094,
238,4779,42.30722427368164,,,
239,4799,,36.38747024536133,,
,239,,,,39.52675247192383
239,4799,,,39.52675247192383,
239,4799,41.011260986328125,,,
,240,,,,38.968563079833984
240,4819,,,38.968563079833984,
240,4819,41.55002975463867,,,
,241,,,,36.41658020019531
241,4839,,,36.41658020019531,
241,4839,40.92300033569336,,,
242,4849,,44.6945686340332,,
,242,,,,36.99814987182617
242,4859,,,36.99814987182617,
242,4859,41.15944290161133,,,
,243,,,,38.60658645629883
243,4879,,,38.60658645629883,
243,4879,40.97795486450195,,,
244,4899,,38.13815689086914,,
,244,,,,39.7253532409668
244,4899,,,39.7253532409668,
244,4899,40.84075164794922,,,
,245,,,,40.932498931884766
245,4919,,,40.932498931884766,
245,4919,41.426570892333984,,,
,246,,,,38.49365997314453
246,4939,,,38.49365997314453,
246,4939,41.97168731689453,,,
247,4949,,41.24375534057617,,
,247,,,,37.7032356262207
247,4959,,,37.7032356262207,
247,4959,42.602752685546875,,,
,248,,,,46.956424713134766
248,4979,,,46.956424713134766,
248,4979,42.19340515136719,,,
249,4999,,37.91240692138672,,
,249,,,,43.91375732421875
249,4999,,,43.913761138916016,
249,4999,41.82399368286133,,,
,250,,,,38.9356575012207
250,5019,,,38.9356575012207,
250,5019,41.656402587890625,,,
,251,,,,38.529422760009766
251,5039,,,38.529422760009766,
251,5039,41.51591491699219,,,
252,5049,,42.111839294433594,,
,252,,,,41.51457595825195
252,5059,,,41.51457595825195,
252,5059,41.550716400146484,,,
,253,,,,38.60771179199219
253,5079,,,38.60771179199219,
253,5079,41.50471878051758,,,
254,5099,,40.68356704711914,,
,254,,,,39.862586975097656
254,5099,,,39.862586975097656,
254,5099,42.41617965698242,,,
,255,,,,38.977386474609375
255,5119,,,38.977386474609375,
255,5119,41.59971237182617,,,
,256,,,,40.552120208740234
256,5139,,,40.552120208740234,
256,5139,41.6440544128418,,,
257,5149,,34.67069625854492,,
,257,,,,41.32865905761719
257,5159,,,41.32865905761719,
257,5159,41.394466400146484,,,
,258,,,,38.742897033691406
258,5179,,,38.742897033691406,
258,5179,41.768917083740234,,,
259,5199,,42.8752326965332,,
,259,,,,38.71444320678711
259,5199,,,38.71444320678711,
259,5199,42.041709899902344,,,
,260,,,,39.051292419433594
260,5219,,,39.051292419433594,
260,5219,41.49221420288086,,,
,261,,,,39.683265686035156
261,5239,,,39.683265686035156,
261,5239,41.4682502746582,,,
262,5249,,43.097103118896484,,
,262,,,,40.799808502197266
262,5259,,,40.799808502197266,
262,5259,42.43877029418945,,,
,263,,,,39.1829948425293
263,5279,,,39.1829948425293,
263,5279,41.117340087890625,,,
264,5299,,47.704463958740234,,
,264,,,,39.408687591552734
264,5299,,,39.408687591552734,
264,5299,41.32847213745117,,,
,265,,,,38.70908737182617
265,5319,,,38.70908737182617,
265,5319,41.02903366088867,,,
,266,,,,37.748477935791016
266,5339,,,37.748477935791016,
266,5339,41.084388732910156,,,
267,5349,,38.836273193359375,,
,267,,,,40.89076232910156
267,5359,,,40.89076232910156,
267,5359,40.9638671875,,,
,268,,,,40.131107330322266
268,5379,,,40.131107330322266,
268,5379,41.48084259033203,,,
269,5399,,41.35087203979492,,
,269,,,,38.0530891418457
269,5399,,,38.0530891418457,
269,5399,41.642704010009766,,,
,270,,,,39.5276985168457
270,5419,,,39.5276985168457,
270,5419,40.62287139892578,,,
,271,,,,39.526580810546875
271,5439,,,39.526580810546875,
271,5439,41.54823684692383,,,
272,5449,,39.40739059448242,,
,272,,,,38.54825210571289
272,5459,,,38.54825210571289,
272,5459,41.945430755615234,,,
,273,,,,37.192901611328125
273,5479,,,37.192901611328125,
273,5479,40.662540435791016,,,
274,5499,,39.41915512084961,,
,274,,,,38.43921661376953
274,5499,,,38.43921661376953,
274,5499,40.9348258972168,,,
,275,,,,38.479026794433594
275,5519,,,38.479026794433594,
275,5519,41.18694305419922,,,
,276,,,,39.9869384765625
276,5539,,,39.9869384765625,
276,5539,43.116798400878906,,,
277,5549,,39.58491134643555,,
,277,,,,39.63872528076172
277,5559,,,39.63872528076172,
277,5559,41.854759216308594,,,
,278,,,,42.07667922973633
278,5579,,,42.07667922973633,
278,5579,42.09992599487305,,,
279,5599,,44.675846099853516,,
,279,,,,41.65520477294922
279,5599,,,41.65520477294922,
279,5599,41.82719039916992,,,
,280,,,,38.345909118652344
280,5619,,,38.345909118652344,
280,5619,41.992977142333984,,,
,281,,,,37.50182342529297
281,5639,,,37.50182342529297,
281,5639,41.783668518066406,,,
282,5649,,44.282352447509766,,
,282,,,,39.610496520996094
282,5659,,,39.610496520996094,
282,5659,41.7302131652832,,,
,283,,,,38.19442367553711
283,5679,,,38.19442367553711,
283,5679,41.79704666137695,,,
284,5699,,41.346038818359375,,
,284,,,,39.986080169677734
284,5699,,,39.986080169677734,
284,5699,41.70450210571289,,,
,285,,,,38.49716567993164
285,5719,,,38.49716567993164,
285,5719,41.56680679321289,,,
,286,,,,39.77768325805664
286,5739,,,39.77768325805664,
286,5739,42.11372375488281,,,
287,5749,,39.068626403808594,,
,287,,,,37.55307388305664
287,5759,,,37.55307388305664,
287,5759,41.97208023071289,,,
,288,,,,38.992801666259766
288,5779,,,38.992801666259766,
288,5779,42.149803161621094,,,
289,5799,,41.93086242675781,,
,289,,,,40.54212188720703
289,5799,,,40.54212188720703,
289,5799,41.4097785949707,,,
,290,,,,38.89204788208008
290,5819,,,38.89204788208008,
290,5819,41.8909912109375,,,
,291,,,,38.159297943115234
291,5839,,,38.159297943115234,
291,5839,40.75531768798828,,,
292,5849,,40.921104431152344,,
,292,,,,40.115352630615234
292,5859,,,40.115352630615234,
292,5859,41.1529655456543,,,
,293,,,,38.222511291503906
293,5879,,,38.222511291503906,
293,5879,41.83597183227539,,,
294,5899,,42.33941650390625,,
,294,,,,39.673892974853516
294,5899,,,39.673892974853516,
294,5899,41.840030670166016,,,
,295,,,,37.64635467529297
295,5919,,,37.64635467529297,
295,5919,40.7762451171875,,,
,296,,,,37.8536491394043
296,5939,,,37.8536491394043,
296,5939,40.78532028198242,,,
297,5949,,38.3825798034668,,
,297,,,,36.9740104675293
297,5959,,,36.9740104675293,
297,5959,41.1881103515625,,,
,298,,,,28.29033660888672
298,5979,,,28.29033660888672,
298,5979,41.41218185424805,,,
299,5999,,41.630008697509766,,
,299,,,,39.53855514526367
299,5999,,,39.53855514526367,
299,5999,40.685081481933594,,,
,300,,,,37.677268981933594
300,6019,,,37.677268981933594,
300,6019,41.085182189941406,,,
,301,,,,39.35372543334961
301,6039,,,39.35372543334961,
301,6039,39.34420394897461,,,
302,6049,,41.794925689697266,,
,302,,,,38.85951232910156
302,6059,,,38.85951232910156,
302,6059,40.963539123535156,,,
,303,,,,39.16670608520508
303,6079,,,39.16670608520508,
303,6079,41.42208480834961,,,
304,6099,,39.928558349609375,,
,304,,,,38.98749542236328
304,6099,,,38.98749542236328,
304,6099,41.19546890258789,,,
,305,,,,125.88349151611328
305,6119,,,125.88349914550781,
305,6119,40.759735107421875,,,
,306,,,,38.945892333984375
306,6139,,,38.945892333984375,
306,6139,40.46433639526367,,,
307,6149,,43.361610412597656,,
,307,,,,37.320655822753906
307,6159,,,37.320655822753906,
307,6159,40.75539016723633,,,
,308,,,,38.190093994140625
308,6179,,,38.190093994140625,
308,6179,40.57648849487305,,,
309,6199,,43.454036712646484,,
,309,,,,151.78671264648438
309,6199,,,151.78671264648438,
309,6199,41.38124084472656,,,
,310,,,,39.379241943359375
310,6219,,,39.379241943359375,
310,6219,41.51410675048828,,,
,311,,,,38.645477294921875
311,6239,,,38.645477294921875,
311,6239,40.87083435058594,,,
312,6249,,38.01087188720703,,
,312,,,,38.430755615234375
312,6259,,,38.430755615234375,
312,6259,41.933143615722656,,,
,313,,,,38.62022018432617
313,6279,,,38.62022018432617,
313,6279,40.8428955078125,,,
314,6299,,43.05794906616211,,
,314,,,,39.646305084228516
314,6299,,,39.646305084228516,
314,6299,40.65029525756836,,,
,315,,,,37.99068832397461
315,6319,,,37.99068832397461,
315,6319,44.69930648803711,,,
,316,,,,37.84354782104492
316,6339,,,37.84354782104492,
316,6339,41.12275314331055,,,
317,6349,,41.555381774902344,,
,317,,,,39.78968048095703
317,6359,,,39.78968048095703,
317,6359,41.017616271972656,,,
,318,,,,39.26753616333008
318,6379,,,39.26753616333008,
318,6379,40.48419952392578,,,
319,6399,,38.203250885009766,,
,319,,,,38.71924591064453
319,6399,,,38.71924591064453,
319,6399,42.5101432800293,,,
,320,,,,38.20923614501953
320,6419,,,38.20923614501953,
320,6419,42.87959289550781,,,
,321,,,,38.16654968261719
321,6439,,,38.16654968261719,
321,6439,41.50343322753906,,,
322,6449,,44.25311279296875,,
,322,,,,30.391477584838867
322,6459,,,30.391477584838867,
322,6459,41.23699951171875,,,
,323,,,,39.79792785644531
323,6479,,,39.79792785644531,
323,6479,40.90349578857422,,,
324,6499,,40.132408142089844,,
,324,,,,39.31131362915039
324,6499,,,39.31131362915039,
324,6499,40.865806579589844,,,
,325,,,,39.176029205322266
325,6519,,,39.176029205322266,
325,6519,40.99624252319336,,,
,326,,,,37.92909240722656
326,6539,,,37.92909240722656,
326,6539,40.4187126159668,,,
327,6549,,42.64173126220703,,
,327,,,,39.16875076293945
327,6559,,,39.16875076293945,
327,6559,41.56919860839844,,,
,328,,,,39.13897705078125
328,6579,,,39.13897705078125,
328,6579,40.92674255371094,,,
329,6599,,38.61457443237305,,
,329,,,,38.77164840698242
329,6599,,,38.77164840698242,
329,6599,41.246646881103516,,,
,330,,,,40.568058013916016
330,6619,,,40.568058013916016,
330,6619,41.13184356689453,,,
,331,,,,122.16466522216797
331,6639,,,122.16466522216797,
331,6639,40.82925796508789,,,
332,6649,,43.80607223510742,,
,332,,,,40.30776596069336
332,6659,,,40.30776596069336,
332,6659,41.7188606262207,,,
,333,,,,36.84611129760742
333,6679,,,36.84611129760742,
333,6679,42.72609329223633,,,
334,6699,,40.1739387512207,,
,334,,,,38.818603515625
334,6699,,,38.818603515625,
334,6699,41.40431594848633,,,
,335,,,,37.69833755493164
335,6719,,,37.69833755493164,
335,6719,39.82770919799805,,,
,336,,,,37.72273635864258
336,6739,,,37.72273635864258,
336,6739,41.85897445678711,,,
337,6749,,33.992828369140625,,
,337,,,,36.445587158203125
337,6759,,,36.445587158203125,
337,6759,40.52035140991211,,,
,338,,,,39.555625915527344
338,6779,,,39.555625915527344,
338,6779,52.967323303222656,,,
339,6799,,38.348289489746094,,
,339,,,,39.848812103271484
339,6799,,,39.848812103271484,
339,6799,41.51258087158203,,,
,340,,,,38.57063674926758
340,6819,,,38.57063674926758,
340,6819,41.49530029296875,,,
,341,,,,39.370033264160156
341,6839,,,39.370033264160156,
341,6839,41.40080642700195,,,
342,6849,,41.17316436767578,,
,342,,,,38.48143768310547
342,6859,,,38.48143768310547,
342,6859,41.5489387512207,,,
,343,,,,39.524166107177734
343,6879,,,39.524166107177734,
343,6879,41.69194793701172,,,
344,6899,,40.18799591064453,,
,344,,,,38.93536376953125
344,6899,,,38.93536376953125,
344,6899,40.32887649536133,,,
,345,,,,38.06544876098633
345,6919,,,38.06544876098633,
345,6919,40.49026107788086,,,
,346,,,,41.44704055786133
346,6939,,,41.44704055786133,
346,6939,41.647159576416016,,,
347,6949,,45.79840850830078,,
,347,,,,37.888946533203125
347,6959,,,37.888946533203125,
347,6959,40.86123275756836,,,
,348,,,,38.66556930541992
348,6979,,,38.66556930541992,
348,6979,41.54716110229492,,,
349,6999,,40.625572204589844,,
,349,,,,39.8227424621582
349,6999,,,39.8227424621582,
349,6999,41.24054718017578,,,
,350,,,,39.848731994628906
350,7019,,,39.848731994628906,
350,7019,41.390262603759766,,,
,351,,,,40.53260803222656
351,7039,,,40.53260803222656,
351,7039,40.34348678588867,,,
352,7049,,38.686710357666016,,
,352,,,,37.314395904541016
352,7059,,,37.314395904541016,
352,7059,41.53630828857422,,,
,353,,,,39.34233856201172
353,7079,,,39.34233856201172,
353,7079,41.952613830566406,,,
354,7099,,44.57521438598633,,
,354,,,,39.21854019165039
354,7099,,,39.21854019165039,
354,7099,41.6829948425293,,,
,355,,,,38.50857925415039
355,7119,,,38.50857925415039,
355,7119,42.27982711791992,,,
,356,,,,38.60802459716797
356,7139,,,38.60802459716797,
356,7139,41.78632354736328,,,
357,7149,,43.04548645019531,,
,357,,,,41.239990234375
357,7159,,,41.239990234375,
357,7159,42.56269836425781,,,
,358,,,,37.18738555908203
358,7179,,,37.18738555908203,
358,7179,41.17090606689453,,,
359,7199,,41.96529769897461,,
,359,,,,37.988094329833984
359,7199,,,37.988094329833984,
359,7199,41.18901824951172,,,
,360,,,,39.18651580810547
360,7219,,,39.18651580810547,
360,7219,41.639522552490234,,,
,361,,,,40.07646942138672
361,7239,,,40.07646942138672,
361,7239,40.308895111083984,,,
362,7249,,39.32086181640625,,
,362,,,,39.64483642578125
362,7259,,,39.64483642578125,
362,7259,41.430171966552734,,,
,363,,,,39.27977752685547
363,7279,,,39.27977752685547,
363,7279,41.64873504638672,,,
364,7299,,41.98153305053711,,
,364,,,,36.5645751953125
364,7299,,,36.5645751953125,
364,7299,41.943687438964844,,,
,365,,,,38.28761672973633
365,7319,,,38.28761672973633,
365,7319,41.95968246459961,,,
,366,,,,38.92924118041992
366,7339,,,38.92924118041992,
366,7339,41.17792510986328,,,
367,7349,,39.89944839477539,,
,367,,,,37.679542541503906
367,7359,,,37.679542541503906,
367,7359,41.99416732788086,,,
,368,,,,37.77942657470703
368,7379,,,37.77942657470703,
368,7379,41.59022903442383,,,
369,7399,,41.78120422363281,,
,369,,,,40.32805633544922
369,7399,,,40.32805633544922,
369,7399,41.37358856201172,,,
,370,,,,38.6384162902832
370,7419,,,38.6384162902832,
370,7419,41.348880767822266,,,
,371,,,,37.563175201416016
371,7439,,,37.563175201416016,
371,7439,41.17996597290039,,,
372,7449,,44.19660186767578,,
,372,,,,38.219512939453125
372,7459,,,38.219512939453125,
372,7459,41.943016052246094,,,
,373,,,,38.27497863769531
373,7479,,,38.27497863769531,
373,7479,42.489341735839844,,,
374,7499,,41.63261795043945,,
,374,,,,38.42782211303711
374,7499,,,38.42782211303711,
374,7499,41.89189910888672,,,
,375,,,,36.485897064208984
375,7519,,,36.485897064208984,
375,7519,41.332523345947266,,,
,376,,,,37.5996208190918
376,7539,,,37.5996208190918,
376,7539,40.66355895996094,,,
377,7549,,38.99793243408203,,
,377,,,,37.63028335571289
377,7559,,,37.63028335571289,
377,7559,42.1295166015625,,,
,378,,,,37.578697204589844
378,7579,,,37.578697204589844,
378,7579,41.357078552246094,,,
379,7599,,37.55495071411133,,
,379,,,,41.65433120727539
379,7599,,,41.65433120727539,
379,7599,42.027366638183594,,,
,380,,,,39.3776969909668
380,7619,,,39.3776969909668,
380,7619,42.09156799316406,,,
,381,,,,38.812374114990234
381,7639,,,38.812374114990234,
381,7639,41.1265869140625,,,
382,7649,,41.56768035888672,,
,382,,,,38.23577880859375
382,7659,,,38.23577880859375,
382,7659,41.71039962768555,,,
,383,,,,39.90596389770508
383,7679,,,39.90596389770508,
383,7679,41.46036148071289,,,
384,7699,,42.473758697509766,,
,384,,,,37.88163375854492
384,7699,,,37.88163375854492,
384,7699,41.217464447021484,,,
,385,,,,39.70933532714844
385,7719,,,39.70933532714844,
385,7719,41.91326141357422,,,
,386,,,,38.786781311035156
386,7739,,,38.786781311035156,
386,7739,40.985260009765625,,,
387,7749,,35.098609924316406,,
,387,,,,38.60990905761719
387,7759,,,38.60990905761719,
387,7759,42.2902717590332,,,
,388,,,,37.4127311706543
388,7779,,,37.4127311706543,
388,7779,41.122398376464844,,,
389,7799,,41.28556442260742,,
,389,,,,40.23915481567383
389,7799,,,40.23915481567383,
389,7799,42.27421569824219,,,
,390,,,,38.49824523925781
390,7819,,,38.49824523925781,
390,7819,41.690338134765625,,,
,391,,,,38.78167724609375
391,7839,,,38.78167724609375,
391,7839,41.98139190673828,,,
392,7849,,35.875213623046875,,
,392,,,,39.960472106933594
392,7859,,,39.960472106933594,
392,7859,41.722110748291016,,,
,393,,,,39.726383209228516
393,7879,,,39.726383209228516,
393,7879,41.74586486816406,,,
394,7899,,42.068275451660156,,
,394,,,,38.4015007019043
394,7899,,,38.4015007019043,
394,7899,42.06742858886719,,,
,395,,,,36.98166275024414
395,7919,,,36.98166275024414,
395,7919,42.27192306518555,,,
,396,,,,37.49616622924805
396,7939,,,37.49616622924805,
396,7939,41.34968566894531,,,
397,7949,,47.71328353881836,,
,397,,,,38.045650482177734
397,7959,,,38.045650482177734,
397,7959,42.08317947387695,,,
,398,,,,37.485008239746094
398,7979,,,37.485008239746094,
398,7979,41.37030029296875,,,
399,7999,,41.72644805908203,,
,399,,,,36.2198600769043
399,7999,,,36.2198600769043,
399,7999,41.50205612182617,,,
,400,,,,38.525814056396484
400,8019,,,38.525814056396484,
400,8019,41.24363327026367,,,
,401,,,,38.362831115722656
401,8039,,,38.362831115722656,
401,8039,41.06573486328125,,,
402,8049,,41.26890563964844,,
,402,,,,39.633548736572266
402,8059,,,39.633548736572266,
402,8059,40.84926986694336,,,
,403,,,,39.138153076171875
403,8079,,,39.138153076171875,
403,8079,41.37004470825195,,,
404,8099,,44.32070541381836,,
,404,,,,39.91863250732422
404,8099,,,39.91863250732422,
404,8099,41.633323669433594,,,
,405,,,,38.18163299560547
405,8119,,,38.18163299560547,
405,8119,42.317108154296875,,,
,406,,,,38.50753402709961
406,8139,,,38.50753402709961,
406,8139,41.09342575073242,,,
407,8149,,41.258480072021484,,
,407,,,,38.2094841003418
407,8159,,,38.2094841003418,
407,8159,41.797279357910156,,,
,408,,,,40.15476989746094
408,8179,,,40.15476989746094,
408,8179,41.50485610961914,,,
409,8199,,43.015926361083984,,
,409,,,,39.777156829833984
409,8199,,,39.777156829833984,
409,8199,41.807498931884766,,,
,410,,,,40.04685592651367
410,8219,,,40.04685592651367,
410,8219,41.34836196899414,,,
,411,,,,38.77361297607422
411,8239,,,38.77361297607422,
411,8239,41.445987701416016,,,
412,8249,,40.55610275268555,,
,412,,,,37.15375900268555
412,8259,,,37.15375900268555,
412,8259,41.20447540283203,,,
,413,,,,36.694305419921875
413,8279,,,36.694305419921875,
413,8279,41.56613540649414,,,
414,8299,,39.20930480957031,,
,414,,,,41.669612884521484
414,8299,,,41.669612884521484,
414,8299,40.87163543701172,,,
,415,,,,37.8658447265625
415,8319,,,37.8658447265625,
415,8319,41.91488265991211,,,
,416,,,,39.88507080078125
416,8339,,,39.88507080078125,
416,8339,41.90224075317383,,,
417,8349,,40.8181266784668,,
,417,,,,38.11931228637695
417,8359,,,38.11931228637695,
417,8359,41.49941635131836,,,
,418,,,,39.89739990234375
418,8379,,,39.89739990234375,
418,8379,41.990055084228516,,,
419,8399,,40.21335983276367,,
,419,,,,40.0861930847168
419,8399,,,40.0861930847168,
419,8399,42.11668014526367,,,
,420,,,,38.74419021606445
420,8419,,,38.74419021606445,
420,8419,41.65933609008789,,,
,421,,,,nan
421,8439,,,nan,
421,8439,nan,,,
422,8449,,nan,,
,422,,,,nan
422,8459,,,nan,
422,8459,nan,,,
,423,,,,nan
423,8479,,,nan,
423,8479,nan,,,
424,8499,,nan,,
,424,,,,nan
424,8499,,,nan,
424,8499,nan,,,
,425,,,,nan
425,8519,,,nan,
425,8519,nan,,,
,426,,,,nan
426,8539,,,nan,
426,8539,nan,,,
427,8549,,nan,,
,427,,,,nan
427,8559,,,nan,
427,8559,nan,,,
,428,,,,nan
428,8579,,,nan,
428,8579,nan,,,
429,8599,,nan,,
,429,,,,nan
429,8599,,,nan,
429,8599,nan,,,
,430,,,,nan
430,8619,,,nan,
430,8619,nan,,,
,431,,,,nan
431,8639,,,nan,
431,8639,nan,,,
432,8649,,nan,,
,432,,,,nan
432,8659,,,nan,
432,8659,nan,,,
,433,,,,nan
433,8679,,,nan,
433,8679,nan,,,
434,8699,,nan,,
,434,,,,nan
434,8699,,,nan,
434,8699,nan,,,
,435,,,,nan
435,8719,,,nan,
435,8719,nan,,,
,436,,,,nan
436,8739,,,nan,
436,8739,nan,,,
437,8749,,nan,,
,437,,,,nan
437,8759,,,nan,
437,8759,nan,,,
,438,,,,nan
438,8779,,,nan,
438,8779,nan,,,
439,8799,,nan,,
,439,,,,nan
439,8799,,,nan,
439,8799,nan,,,
,440,,,,nan
440,8819,,,nan,
440,8819,nan,,,
,441,,,,nan
441,8839,,,nan,
441,8839,nan,,,
442,8849,,nan,,
,442,,,,nan
442,8859,,,nan,
442,8859,nan,,,
,443,,,,nan
443,8879,,,nan,
443,8879,nan,,,
444,8899,,nan,,
,444,,,,nan
444,8899,,,nan,
444,8899,nan,,,
,445,,,,nan
445,8919,,,nan,
445,8919,nan,,,
,446,,,,nan
446,8939,,,nan,
446,8939,nan,,,
447,8949,,nan,,
,447,,,,nan
447,8959,,,nan,
447,8959,nan,,,
,448,,,,nan
448,8979,,,nan,
448,8979,nan,,,
449,8999,,nan,,
,449,,,,nan
449,8999,,,nan,
449,8999,nan,,,
,450,,,,nan
450,9019,,,nan,
450,9019,nan,,,
,451,,,,nan
451,9039,,,nan,
451,9039,nan,,,
452,9049,,nan,,
,452,,,,nan
452,9059,,,nan,
452,9059,nan,,,
,453,,,,nan
453,9079,,,nan,
453,9079,nan,,,
454,9099,,nan,,
,454,,,,nan
454,9099,,,nan,
454,9099,nan,,,
,455,,,,nan
455,9119,,,nan,
455,9119,nan,,,
,456,,,,nan
456,9139,,,nan,
456,9139,nan,,,
457,9149,,nan,,
,457,,,,nan
457,9159,,,nan,
457,9159,nan,,,
,458,,,,nan
458,9179,,,nan,
458,9179,nan,,,
459,9199,,nan,,
,459,,,,nan
459,9199,,,nan,
459,9199,nan,,,
,460,,,,nan
460,9219,,,nan,
460,9219,nan,,,
,461,,,,nan
461,9239,,,nan,
461,9239,nan,,,
462,9249,,nan,,
,462,,,,nan
462,9259,,,nan,
462,9259,nan,,,
,463,,,,nan
463,9279,,,nan,
463,9279,nan,,,
464,9299,,nan,,
,464,,,,nan
464,9299,,,nan,
464,9299,nan,,,
,465,,,,nan
465,9319,,,nan,
465,9319,nan,,,
,466,,,,nan
466,9339,,,nan,
466,9339,nan,,,
467,9349,,nan,,
,467,,,,nan
467,9359,,,nan,
467,9359,nan,,,
,468,,,,nan
468,9379,,,nan,
468,9379,nan,,,
469,9399,,nan,,
,469,,,,nan
469,9399,,,nan,
469,9399,nan,,,
,470,,,,nan
470,9419,,,nan,
470,9419,nan,,,
,471,,,,nan
471,9439,,,nan,
471,9439,nan,,,
472,9449,,nan,,
,472,,,,nan
472,9459,,,nan,
472,9459,nan,,,
,473,,,,nan
473,9479,,,nan,
473,9479,nan,,,
474,9499,,nan,,
,474,,,,nan
474,9499,,,nan,
474,9499,nan,,,
,475,,,,nan
475,9519,,,nan,
475,9519,nan,,,
,476,,,,nan
476,9539,,,nan,
476,9539,nan,,,
477,9549,,nan,,
,477,,,,nan
477,9559,,,nan,
477,9559,nan,,,
,478,,,,nan
478,9579,,,nan,
478,9579,nan,,,
479,9599,,nan,,
,479,,,,nan
479,9599,,,nan,
479,9599,nan,,,
,480,,,,nan
480,9619,,,nan,
480,9619,nan,,,
,481,,,,nan
481,9639,,,nan,
481,9639,nan,,,
482,9649,,nan,,
,482,,,,nan
482,9659,,,nan,
482,9659,nan,,,
,483,,,,nan
483,9679,,,nan,
483,9679,nan,,,
484,9699,,nan,,
,484,,,,nan
484,9699,,,nan,
484,9699,nan,,,
,485,,,,nan
485,9719,,,nan,
485,9719,nan,,,
,486,,,,nan
486,9739,,,nan,
486,9739,nan,,,
487,9749,,nan,,
,487,,,,nan
487,9759,,,nan,
487,9759,nan,,,
,488,,,,nan
488,9779,,,nan,
488,9779,nan,,,
489,9799,,nan,,
,489,,,,nan
489,9799,,,nan,
489,9799,nan,,,
,490,,,,nan
490,9819,,,nan,
490,9819,nan,,,
,491,,,,nan
491,9839,,,nan,
491,9839,nan,,,
492,9849,,nan,,
,492,,,,nan
492,9859,,,nan,
492,9859,nan,,,
,493,,,,nan
493,9879,,,nan,
493,9879,nan,,,
494,9899,,nan,,
,494,,,,nan
494,9899,,,nan,
494,9899,nan,,,
,495,,,,nan
495,9919,,,nan,
495,9919,nan,,,
,496,,,,nan
496,9939,,,nan,
496,9939,nan,,,
497,9949,,nan,,
,497,,,,nan
497,9959,,,nan,
497,9959,nan,,,
,498,,,,nan
498,9979,,,nan,
498,9979,nan,,,
499,9999,,nan,,
,499,,,,nan
499,9999,,,nan,
499,9999,nan,,,
,500,,,,nan
500,10019,,,nan,
500,10019,nan,,,
,501,,,,nan
501,10039,,,nan,
501,10039,nan,,,
502,10049,,nan,,
,502,,,,nan
502,10059,,,nan,
502,10059,nan,,,
,503,,,,nan
503,10079,,,nan,
503,10079,nan,,,
504,10099,,nan,,
,504,,,,nan
504,10099,,,nan,
504,10099,nan,,,
,505,,,,nan
505,10119,,,nan,
505,10119,nan,,,
,506,,,,nan
506,10139,,,nan,
506,10139,nan,,,
507,10149,,nan,,
,507,,,,nan
507,10159,,,nan,
507,10159,nan,,,
,508,,,,nan
508,10179,,,nan,
508,10179,nan,,,
509,10199,,nan,,
,509,,,,nan
509,10199,,,nan,
509,10199,nan,,,
,510,,,,nan
510,10219,,,nan,
510,10219,nan,,,
,511,,,,nan
511,10239,,,nan,
511,10239,nan,,,
512,10249,,nan,,
,512,,,,nan
512,10259,,,nan,
512,10259,nan,,,
,513,,,,nan
513,10279,,,nan,
513,10279,nan,,,
514,10299,,nan,,
,514,,,,nan
514,10299,,,nan,
514,10299,nan,,,
,515,,,,nan
515,10319,,,nan,
515,10319,nan,,,
,516,,,,nan
516,10339,,,nan,
516,10339,nan,,,
517,10349,,nan,,
,517,,,,nan
517,10359,,,nan,
517,10359,nan,,,
,518,,,,nan
518,10379,,,nan,
518,10379,nan,,,
519,10399,,nan,,
,519,,,,nan
519,10399,,,nan,
519,10399,nan,,,
,520,,,,nan
520,10419,,,nan,
520,10419,nan,,,
,521,,,,nan
521,10439,,,nan,
521,10439,nan,,,
522,10449,,nan,,
,522,,,,nan
522,10459,,,nan,
522,10459,nan,,,
,523,,,,nan
523,10479,,,nan,
523,10479,nan,,,
524,10499,,nan,,
,524,,,,nan
524,10499,,,nan,
524,10499,nan,,,
,525,,,,nan
525,10519,,,nan,
525,10519,nan,,,
,526,,,,nan
526,10539,,,nan,
526,10539,nan,,,
527,10549,,nan,,
,527,,,,nan
527,10559,,,nan,
527,10559,nan,,,
,528,,,,nan
528,10579,,,nan,
528,10579,nan,,,
529,10599,,nan,,
,529,,,,nan
529,10599,,,nan,
529,10599,nan,,,
,530,,,,nan
530,10619,,,nan,
530,10619,nan,,,
,531,,,,nan
531,10639,,,nan,
531,10639,nan,,,
532,10649,,nan,,
,532,,,,nan
532,10659,,,nan,
532,10659,nan,,,
,533,,,,nan
533,10679,,,nan,
533,10679,nan,,,
534,10699,,nan,,
,534,,,,nan
534,10699,,,nan,
534,10699,nan,,,
,535,,,,nan
535,10719,,,nan,
535,10719,nan,,,
,536,,,,nan
536,10739,,,nan,
536,10739,nan,,,
537,10749,,nan,,
,537,,,,nan
537,10759,,,nan,
537,10759,nan,,,
,538,,,,nan
538,10779,,,nan,
538,10779,nan,,,
539,10799,,nan,,
,539,,,,nan
539,10799,,,nan,
539,10799,nan,,,
,540,,,,nan
540,10819,,,nan,
540,10819,nan,,,
,541,,,,nan
541,10839,,,nan,
541,10839,nan,,,
542,10849,,nan,,
,542,,,,nan
542,10859,,,nan,
542,10859,nan,,,
,543,,,,nan
543,10879,,,nan,
543,10879,nan,,,
544,10899,,nan,,
,544,,,,nan
544,10899,,,nan,
544,10899,nan,,,
,545,,,,nan
545,10919,,,nan,
545,10919,nan,,,
,546,,,,nan
546,10939,,,nan,
546,10939,nan,,,
547,10949,,nan,,
,547,,,,nan
547,10959,,,nan,
547,10959,nan,,,
,548,,,,nan
548,10979,,,nan,
548,10979,nan,,,
549,10999,,nan,,
,549,,,,nan
549,10999,,,nan,
549,10999,nan,,,
,550,,,,nan
550,11019,,,nan,
550,11019,nan,,,
,551,,,,nan
551,11039,,,nan,
551,11039,nan,,,
552,11049,,nan,,
,552,,,,nan
552,11059,,,nan,
552,11059,nan,,,
,553,,,,nan
553,11079,,,nan,
553,11079,nan,,,
554,11099,,nan,,
,554,,,,nan
554,11099,,,nan,
554,11099,nan,,,
,555,,,,nan
555,11119,,,nan,
555,11119,nan,,,
,556,,,,nan
556,11139,,,nan,
556,11139,nan,,,
557,11149,,nan,,
,557,,,,nan
557,11159,,,nan,
557,11159,nan,,,
,558,,,,nan
558,11179,,,nan,
558,11179,nan,,,
559,11199,,nan,,
,559,,,,nan
559,11199,,,nan,
559,11199,nan,,,
,560,,,,nan
560,11219,,,nan,
560,11219,nan,,,
,561,,,,nan
561,11239,,,nan,
561,11239,nan,,,
562,11249,,nan,,
,562,,,,nan
562,11259,,,nan,
562,11259,nan,,,
,563,,,,nan
563,11279,,,nan,
563,11279,nan,,,
564,11299,,nan,,
,564,,,,nan
564,11299,,,nan,
564,11299,nan,,,
,565,,,,nan
565,11319,,,nan,
565,11319,nan,,,
,566,,,,nan
566,11339,,,nan,
566,11339,nan,,,
567,11349,,nan,,
,567,,,,nan
567,11359,,,nan,
567,11359,nan,,,
,568,,,,nan
568,11379,,,nan,
568,11379,nan,,,
569,11399,,nan,,
,569,,,,nan
569,11399,,,nan,
569,11399,nan,,,
,570,,,,nan
570,11419,,,nan,
570,11419,nan,,,
,571,,,,nan
571,11439,,,nan,
571,11439,nan,,,
572,11449,,nan,,
,572,,,,nan
572,11459,,,nan,
572,11459,nan,,,
,573,,,,nan
573,11479,,,nan,
573,11479,nan,,,
574,11499,,nan,,
,574,,,,nan
574,11499,,,nan,
574,11499,nan,,,
,575,,,,nan
575,11519,,,nan,
575,11519,nan,,,
,576,,,,nan
576,11539,,,nan,
576,11539,nan,,,
577,11549,,nan,,
,577,,,,nan
577,11559,,,nan,
577,11559,nan,,,
,578,,,,nan
578,11579,,,nan,
578,11579,nan,,,
579,11599,,nan,,
,579,,,,nan
579,11599,,,nan,
579,11599,nan,,,
,580,,,,nan
580,11619,,,nan,
580,11619,nan,,,
,581,,,,nan
581,11639,,,nan,
581,11639,nan,,,
582,11649,,nan,,
,582,,,,nan
582,11659,,,nan,
582,11659,nan,,,
,583,,,,nan
583,11679,,,nan,
583,11679,nan,,,
584,11699,,nan,,
,584,,,,nan
584,11699,,,nan,
584,11699,nan,,,
,585,,,,nan
585,11719,,,nan,
585,11719,nan,,,
,586,,,,nan
586,11739,,,nan,
586,11739,nan,,,
587,11749,,nan,,
,587,,,,nan
587,11759,,,nan,
587,11759,nan,,,
,588,,,,nan
588,11779,,,nan,
588,11779,nan,,,
589,11799,,nan,,
,589,,,,nan
589,11799,,,nan,
589,11799,nan,,,
,590,,,,nan
590,11819,,,nan,
590,11819,nan,,,
,591,,,,nan
591,11839,,,nan,
591,11839,nan,,,
592,11849,,nan,,
,592,,,,nan
592,11859,,,nan,
592,11859,nan,,,
,593,,,,nan
593,11879,,,nan,
593,11879,nan,,,
594,11899,,nan,,
,594,,,,nan
594,11899,,,nan,
594,11899,nan,,,
,595,,,,nan
595,11919,,,nan,
595,11919,nan,,,
,596,,,,nan
596,11939,,,nan,
596,11939,nan,,,
597,11949,,nan,,
,597,,,,nan
597,11959,,,nan,
597,11959,nan,,,
,598,,,,nan
598,11979,,,nan,
598,11979,nan,,,
599,11999,,nan,,
,599,,,,nan
599,11999,,,nan,
599,11999,nan,,,
,600,,,,nan
600,12019,,,nan,
600,12019,nan,,,
,601,,,,nan
601,12039,,,nan,
601,12039,nan,,,
602,12049,,nan,,
,602,,,,nan
602,12059,,,nan,
602,12059,nan,,,
,603,,,,nan
603,12079,,,nan,
603,12079,nan,,,
604,12099,,nan,,
,604,,,,nan
604,12099,,,nan,
604,12099,nan,,,
,605,,,,nan
605,12119,,,nan,
605,12119,nan,,,
,606,,,,nan
606,12139,,,nan,
606,12139,nan,,,
607,12149,,nan,,
,607,,,,nan
607,12159,,,nan,
607,12159,nan,,,
,608,,,,nan
608,12179,,,nan,
608,12179,nan,,,
609,12199,,nan,,
,609,,,,nan
609,12199,,,nan,
609,12199,nan,,,
,610,,,,nan
610,12219,,,nan,
610,12219,nan,,,
,611,,,,nan
611,12239,,,nan,
611,12239,nan,,,
612,12249,,nan,,
,612,,,,nan
612,12259,,,nan,
612,12259,nan,,,
,613,,,,nan
613,12279,,,nan,
613,12279,nan,,,
614,12299,,nan,,
,614,,,,nan
614,12299,,,nan,
614,12299,nan,,,
,615,,,,nan
615,12319,,,nan,
615,12319,nan,,,
,616,,,,nan
616,12339,,,nan,
616,12339,nan,,,
617,12349,,nan,,
,617,,,,nan
617,12359,,,nan,
617,12359,nan,,,
,618,,,,nan
618,12379,,,nan,
618,12379,nan,,,
619,12399,,nan,,
,619,,,,nan
619,12399,,,nan,
619,12399,nan,,,
,620,,,,nan
620,12419,,,nan,
620,12419,nan,,,
,621,,,,nan
621,12439,,,nan,
621,12439,nan,,,
622,12449,,nan,,
,622,,,,nan
622,12459,,,nan,
622,12459,nan,,,
,623,,,,nan
623,12479,,,nan,
623,12479,nan,,,
624,12499,,nan,,
,624,,,,nan
624,12499,,,nan,
624,12499,nan,,,
,625,,,,nan
625,12519,,,nan,
625,12519,nan,,,
,626,,,,nan
626,12539,,,nan,
626,12539,nan,,,
627,12549,,nan,,
,627,,,,nan
627,12559,,,nan,
627,12559,nan,,,
,628,,,,nan
628,12579,,,nan,
628,12579,nan,,,
629,12599,,nan,,
,629,,,,nan
629,12599,,,nan,
629,12599,nan,,,
,630,,,,nan
630,12619,,,nan,
630,12619,nan,,,
,631,,,,nan
631,12639,,,nan,
631,12639,nan,,,
632,12649,,nan,,
,632,,,,nan
632,12659,,,nan,
632,12659,nan,,,
,633,,,,nan
633,12679,,,nan,
633,12679,nan,,,
634,12699,,nan,,
,634,,,,nan
634,12699,,,nan,
634,12699,nan,,,
,635,,,,nan
635,12719,,,nan,
635,12719,nan,,,
,636,,,,nan
636,12739,,,nan,
636,12739,nan,,,
637,12749,,nan,,
,637,,,,nan
637,12759,,,nan,
637,12759,nan,,,
,638,,,,nan
638,12779,,,nan,
638,12779,nan,,,
639,12799,,nan,,
,639,,,,nan
639,12799,,,nan,
639,12799,nan,,,
,640,,,,nan
640,12819,,,nan,
640,12819,nan,,,
,641,,,,nan
641,12839,,,nan,
641,12839,nan,,,
642,12849,,nan,,
,642,,,,nan
642,12859,,,nan,
642,12859,nan,,,
,643,,,,nan
643,12879,,,nan,
643,12879,nan,,,
644,12899,,nan,,
,644,,,,nan
644,12899,,,nan,
644,12899,nan,,,
,645,,,,nan
645,12919,,,nan,
645,12919,nan,,,
,646,,,,nan
646,12939,,,nan,
646,12939,nan,,,
647,12949,,nan,,
,647,,,,nan
647,12959,,,nan,
647,12959,nan,,,
,648,,,,nan
648,12979,,,nan,
648,12979,nan,,,
649,12999,,nan,,
,649,,,,nan
649,12999,,,nan,
649,12999,nan,,,
,650,,,,nan
650,13019,,,nan,
650,13019,nan,,,
,651,,,,nan
651,13039,,,nan,
651,13039,nan,,,
652,13049,,nan,,
,652,,,,nan
652,13059,,,nan,
652,13059,nan,,,
,653,,,,nan
653,13079,,,nan,
653,13079,nan,,,
654,13099,,nan,,
,654,,,,nan
654,13099,,,nan,
654,13099,nan,,,
,655,,,,nan
655,13119,,,nan,
655,13119,nan,,,
,656,,,,nan
656,13139,,,nan,
656,13139,nan,,,
657,13149,,nan,,
,657,,,,nan
657,13159,,,nan,
657,13159,nan,,,
,658,,,,nan
658,13179,,,nan,
658,13179,nan,,,
659,13199,,nan,,
,659,,,,nan
659,13199,,,nan,
659,13199,nan,,,
,660,,,,nan
660,13219,,,nan,
660,13219,nan,,,
,661,,,,nan
661,13239,,,nan,
661,13239,nan,,,
662,13249,,nan,,
,662,,,,nan
662,13259,,,nan,
662,13259,nan,,,
,663,,,,nan
663,13279,,,nan,
663,13279,nan,,,
664,13299,,nan,,
,664,,,,nan
664,13299,,,nan,
664,13299,nan,,,
,665,,,,nan
665,13319,,,nan,
665,13319,nan,,,
,666,,,,nan
666,13339,,,nan,
666,13339,nan,,,
667,13349,,nan,,
,667,,,,nan
667,13359,,,nan,
667,13359,nan,,,
,668,,,,nan
668,13379,,,nan,
668,13379,nan,,,
669,13399,,nan,,
,669,,,,nan
669,13399,,,nan,
669,13399,nan,,,
,670,,,,nan
670,13419,,,nan,
670,13419,nan,,,
,671,,,,nan
671,13439,,,nan,
671,13439,nan,,,
672,13449,,nan,,
,672,,,,nan
672,13459,,,nan,
672,13459,nan,,,
,673,,,,nan
673,13479,,,nan,
673,13479,nan,,,
674,13499,,nan,,
,674,,,,nan
674,13499,,,nan,
674,13499,nan,,,
,675,,,,nan
675,13519,,,nan,
675,13519,nan,,,
,676,,,,nan
676,13539,,,nan,
676,13539,nan,,,
677,13549,,nan,,
,677,,,,nan
677,13559,,,nan,
677,13559,nan,,,
,678,,,,nan
678,13579,,,nan,
678,13579,nan,,,
679,13599,,nan,,
,679,,,,nan
679,13599,,,nan,
679,13599,nan,,,
,680,,,,nan
680,13619,,,nan,
680,13619,nan,,,
,681,,,,nan
681,13639,,,nan,
681,13639,nan,,,
682,13649,,nan,,
,682,,,,nan
682,13659,,,nan,
682,13659,nan,,,
,683,,,,nan
683,13679,,,nan,
683,13679,nan,,,
684,13699,,nan,,
,684,,,,nan
684,13699,,,nan,
684,13699,nan,,,
,685,,,,nan
685,13719,,,nan,
685,13719,nan,,,
,686,,,,nan
686,13739,,,nan,
686,13739,nan,,,
687,13749,,nan,,
,687,,,,nan
687,13759,,,nan,
687,13759,nan,,,
,688,,,,nan
688,13779,,,nan,
688,13779,nan,,,
689,13799,,nan,,
,689,,,,nan
689,13799,,,nan,
689,13799,nan,,,
,690,,,,nan
690,13819,,,nan,
690,13819,nan,,,
